Grand Prix,Driver,Car,Time,Name Code,Country Code,Latitude,Longitude
Great Britain,Nino  Farina ,Alfa Romeo,1:50.600,FAR,GBR,52.0786,-1.0169
Monaco,Juan Manuel  Fangio ,Alfa Romeo,1:51.000,FAN,MON,43.7347,7.4206
Switzerland,Nino  Farina ,Alfa Romeo,2:41.600,FAR,SUI,47.3769,8.5417
Belgium,Nino  Farina ,Alfa Romeo,4:34.100,FAR,BEL,50.4372,5.9714
France,Juan Manuel  Fangio ,Alfa Romeo,2:35.600,FAN,FRA,43.2509,5.7901
Italy,Juan Manuel  Fangio ,Alfa Romeo,2:00.000,FAN,ITA,44.3406,11.7161
Switzerland,Juan Manuel  Fangio ,Alfa Romeo,2:51.100,FAN,SUI,47.3769,8.5417
Indianapolis 500,Lee  Wallard ,Kurtis Kraft Offenhauser,1:07.260,WAL,USA,39.795,-86.235
Belgium,Juan Manuel  Fangio ,Alfa Romeo,4:22.100,FAN,BEL,50.4372,5.9714
France,Juan Manuel  Fangio ,Alfa Romeo,2:27.800,FAN,FRA,43.2509,5.7901
Great Britain,Nino  Farina ,Alfa Romeo,1:44.000,FAR,GBR,52.0786,-1.0169
Germany,Juan Manuel  Fangio ,Alfa Romeo,9:55.800,FAN,DEU,49.3276,8.5625
Italy,Nino  Farina ,Alfa Romeo,1:56.500,FAR,ITA,44.3406,11.7161
Spain,Juan Manuel  Fangio ,Alfa Romeo,2:16.930,FAN,ESP,41.57,2.2615
Switzerland,Piero Taruffi ,Ferrari,2:49.100,TAR,SUI,47.3769,8.5417
Indianapolis 500,Bill Vukovich,Kurtis Kraft Offenhauser,1:06.600,VUK,USA,39.795,-86.235
Belgium,Alberto  Ascari ,Ferrari,4:55.000,ASC,BEL,50.4372,5.9714
France,Alberto  Ascari ,Ferrari,2:17.300,ASC,FRA,43.2509,5.7901
Great Britain,Alberto  Ascari ,Ferrari,1:52.000,ASC,GBR,52.0786,-1.0169
Germany,Alberto  Ascari ,Ferrari,10:05.100,ASC,DEU,49.3276,8.5625
Netherlands,Alberto  Ascari ,Ferrari,1:49.800,ASC,NED,52.3888,4.5409
Italy,Alberto  Ascari ,Ferrari,2:06.100,ASC,ITA,44.3406,11.7161
Argentina,Alberto  Ascari ,Ferrari,1:48.400,ASC,ARG,-34.6466,-58.3876
Indianapolis 500,Bill Vukovich,Kurtis Kraft Offenhauser,1:06.240,VUK,USA,39.795,-86.235
Netherlands,Luigi Villoresi ,Ferrari,1:52.800,VIL,NED,52.3888,4.5409
Belgium,Jose Froilan  Gonzalez ,Maserati,4:34.000,GON,BEL,50.4372,5.9714
France,Juan Manuel  Fangio ,Maserati,2:41.100,FAN,FRA,43.2509,5.7901
Great Britain,Alberto  Ascari ,Ferrari,1:50.000,ASC,GBR,52.0786,-1.0169
Germany,Alberto  Ascari ,Ferrari,9:56.000,ASC,DEU,49.3276,8.5625
Switzerland,Alberto  Ascari ,Ferrari,2:41.300,ASC,SUI,47.3769,8.5417
Italy,Juan Manuel  Fangio ,Maserati,2:04.500,FAN,ITA,44.3406,11.7161
Argentina,Jose Froilan  Gonzalez ,Ferrari,1:48.200,GON,ARG,-34.6466,-58.3876
Indianapolis 500,Jack  McGrath ,Kurtis Kraft Offenhauser,1:04.040,MCG,USA,39.795,-86.235
Belgium,Juan Manuel  Fangio ,Maserati,4:25.500,FAN,BEL,50.4372,5.9714
France,Hans Herrmann ,Mercedes-Benz,2:32.900,HER,FRA,43.2509,5.7901
Great Britain,Alberto  Ascari ,Maserati,1:50.000,ASC,GBR,52.0786,-1.0169
Germany,Karl  Kling ,Mercedes-Benz,9:55.100,KLI,DEU,49.3276,8.5625
Switzerland,Juan Manuel  Fangio ,Mercedes-Benz,2:39.700,FAN,SUI,47.3769,8.5417
Italy,Jose Froilan  Gonzalez ,Ferrari,2:00.800,GON,ITA,44.3406,11.7161
Spain,Alberto  Ascari ,Lancia,2:20.400,ASC,ESP,41.57,2.2615
Argentina,Juan Manuel  Fangio ,Mercedes-Benz,1:48.300,FAN,ARG,-34.6466,-58.3876
Monaco,Juan Manuel  Fangio ,Mercedes-Benz,1:42.400,FAN,MON,43.7347,7.4206
Indianapolis 500,Bill Vukovich,Kurtis Kraft Offenhauser,1:03.670,VUK,USA,39.795,-86.235
Belgium,Juan Manuel  Fangio ,Mercedes-Benz,4:20.600,FAN,BEL,50.4372,5.9714
Netherlands,Roberto  Mieres ,Maserati,1:40.900,MIE,NED,52.3888,4.5409
Great Britain,Stirling  Moss ,Mercedes-Benz,2:00.400,MOS,GBR,52.0786,-1.0169
Italy,Stirling  Moss ,Mercedes-Benz,2:46.900,MOS,ITA,44.3406,11.7161
Argentina,Juan Manuel  Fangio ,Ferrari,1:45.300,FAN,ARG,-34.6466,-58.3876
Monaco,Juan Manuel  Fangio ,Ferrari,1:44.400,FAN,MON,43.7347,7.4206
Indianapolis 500,Paul  Russo ,Kurtis Kraft Novi,1:02.320,RUS,USA,39.795,-86.235
Belgium,Stirling  Moss ,Maserati,4:14.700,MOS,BEL,50.4372,5.9714
France,Juan Manuel  Fangio ,Ferrari,2:25.800,FAN,FRA,43.2509,5.7901
Great Britain,Stirling  Moss ,Maserati,1:43.200,MOS,GBR,52.0786,-1.0169
Germany,Juan Manuel  Fangio ,Ferrari,9:41.600,FAN,DEU,49.3276,8.5625
Italy,Stirling  Moss ,Maserati,2:45.500,MOS,ITA,44.3406,11.7161
Argentina,Stirling  Moss ,Maserati,1:44.700,MOS,ARG,-34.6466,-58.3876
Monaco,Juan Manuel  Fangio ,Maserati,1:45.600,FAN,MON,43.7347,7.4206
Indianapolis 500,Jim  Rathmann ,Epperly Offenhauser,1:02.750,RAT,USA,39.795,-86.235
France,Luigi  Musso ,Ferrari,2:22.400,MUS,FRA,43.2509,5.7901
Great Britain,Stirling  Moss ,Vanwall,1:59.200,MOS,GBR,52.0786,-1.0169
Germany,Juan Manuel  Fangio ,Maserati,9:17.400,FAN,DEU,49.3276,8.5625
Pescara,Stirling  Moss ,Vanwall,9:44.600,MOS,ITA,42.4643,14.2142
Italy,Tony  Brooks ,Vanwall,1:43.700,BRO,ITA,44.3406,11.7161
Argentina,Juan Manuel  Fangio ,Maserati,1:41.800,FAN,ARG,-34.6466,-58.3876
Monaco,Mike  Hawthorn ,Ferrari,1:40.600,HAW,MON,43.7347,7.4206
Netherlands,Stirling  Moss ,Vanwall,1:37.600,MOS,NED,52.3888,4.5409
Indianapolis 500,Tony Bettenhausen ,Epperly Offenhauser,1:02.370,BET,USA,39.795,-86.235
Belgium,Mike  Hawthorn ,Ferrari,3:58.300,HAW,BEL,50.4372,5.9714
France,Mike  Hawthorn ,Ferrari,2:24.900,HAW,FRA,43.2509,5.7901
Great Britain,Mike  Hawthorn ,Ferrari,1:40.800,HAW,GBR,52.0786,-1.0169
Germany,Stirling  Moss ,Vanwall,9:09.200,MOS,DEU,49.3276,8.5625
Portugal,Mike  Hawthorn ,Ferrari,2:32.270,HAW,POR,37.227,-8.6281
Italy,Phil  Hill ,Ferrari,1:42.900,HIL,ITA,44.3406,11.7161
Morocco,Stirling  Moss ,Vanwall,2:22.500,MOS,MAR,33.5899,-7.6039
Monaco,Jack  Brabham ,Cooper Climax,1:40.400,BRA,MON,43.7347,7.4206
Indianapolis 500,Johnny  Thomson ,Lesovsky Offenhauser,1:01.890,THO,USA,39.795,-86.235
Netherlands,Stirling  Moss ,Cooper Climax,1:36.700,MOS,NED,52.3888,4.5409
France,Stirling  Moss ,BRM,2:22.800,MOS,FRA,43.2509,5.7901
Great Britain,Stirling  Moss ,BRM,1:57.000,MOS,GBR,52.0786,-1.0169
Germany,Tony  Brooks ,Ferrari,2:04.500,BRO,DEU,49.3276,8.5625
Portugal,Stirling  Moss ,Cooper Climax,2:05.070,MOS,POR,37.227,-8.6281
Italy,Phil  Hill ,Ferrari,1:40.400,HIL,ITA,44.3406,11.7161
United States,Maurice Trintignant ,Cooper Climax,3:05.000,TRI,USA,30.1328,-97.6411
Argentina,Stirling  Moss ,Cooper Climax,1:38.900,MOS,ARG,-34.6466,-58.3876
Monaco,Bruce  McLaren ,Lotus Climax,1:36.200,MCL,MON,43.7347,7.4206
Indianapolis 500,Jim  Rathmann ,Watson Offenhauser,1:01.590,RAT,USA,39.795,-86.235
Netherlands,Stirling  Moss ,Lotus Climax,1:33.800,MOS,NED,52.3888,4.5409
Belgium,Phil  Hill ,Ferrari,3:51.900,HIL,BEL,50.4372,5.9714
France,Jack  Brabham ,Cooper Climax,2:17.500,BRA,FRA,43.2509,5.7901
Great Britain,Graham  Hill ,BRM,1:34.400,HIL,GBR,52.0786,-1.0169
Portugal,John  Surtees ,Lotus Climax,2:27.530,SUR,POR,37.227,-8.6281
Italy,Phil  Hill ,Ferrari,2:43.600,HIL,ITA,44.3406,11.7161
United States,Jack  Brabham ,Cooper Climax,1:56.300,BRA,USA,30.1328,-97.6411
Monaco,Richie  Ginther ,Ferrari,1:36.300,GIN,MON,43.7347,7.4206
Netherlands,Jim  Clark ,Lotus Climax,1:35.500,CLA,NED,52.3888,4.5409
Belgium,Richie  Ginther ,Ferrari,3:59.800,GIN,BEL,50.4372,5.9714
France,Phil  Hill ,Ferrari,2:27.100,HIL,FRA,43.2509,5.7901
Great Britain,Tony  Brooks ,BRM Climax,1:57.800,BRO,GBR,52.0786,-1.0169
Germany,Phil  Hill ,Ferrari,8:57.800,HIL,DEU,49.3276,8.5625
Italy,Giancarlo  Baghetti ,Ferrari,2:48.400,BAG,ITA,44.3406,11.7161
United States,Jack  Brabham ,Cooper Climax,1:18.200,BRA,USA,30.1328,-97.6411
Netherlands,Bruce  McLaren ,Cooper Climax,1:34.400,MCL,NED,52.3888,4.5409
Monaco,Jim  Clark ,Lotus Climax,1:35.500,CLA,MON,43.7347,7.4206
Belgium,Jim  Clark ,Lotus Climax,3:55.600,CLA,BEL,50.4372,5.9714
France,Graham  Hill ,BRM,2:16.900,HIL,FRA,43.2509,5.7901
Great Britain,Jim  Clark ,Lotus Climax,1:55.000,CLA,GBR,52.0786,-1.0169
Germany,Graham  Hill ,BRM,10:12.200,HIL,DEU,49.3276,8.5625
Italy,Graham  Hill ,BRM,1:42.300,HIL,ITA,44.3406,11.7161
United States,Jim  Clark ,Lotus Climax,1:15.000,CLA,USA,30.1328,-97.6411
South Africa,Jim  Clark ,Lotus Climax,1:31.000,CLA,ZAF,-26.2474,27.8477
Monaco,John  Surtees ,Ferrari,1:34.500,SUR,MON,43.7347,7.4206
Belgium,Jim  Clark ,Lotus Climax,3:58.100,CLA,BEL,50.4372,5.9714
Netherlands,Jim  Clark ,Lotus Climax,1:33.700,CLA,NED,52.3888,4.5409
France,Jim  Clark ,Lotus Climax,2:21.600,CLA,FRA,43.2509,5.7901
Great Britain,John  Surtees ,Ferrari,1:36.000,SUR,GBR,52.0786,-1.0169
Germany,John  Surtees ,Ferrari,8:47.000,SUR,DEU,49.3276,8.5625
Italy,Jim  Clark ,Lotus Climax,1:38.900,CLA,ITA,44.3406,11.7161
United States,Jim  Clark ,Lotus Climax,1:14.500,CLA,USA,30.1328,-97.6411
Mexico,Jim  Clark ,Lotus Climax,1:58.100,CLA,MEX,19.4042,-99.0907
South Africa,Dan  Gurney ,Brabham Climax,1:29.100,GUR,ZAF,-26.2474,27.8477
Monaco,Graham  Hill ,BRM,1:33.900,HIL,MON,43.7347,7.4206
Netherlands,Jim  Clark ,Lotus Climax,1:32.800,CLA,NED,52.3888,4.5409
Belgium,Dan  Gurney ,Brabham Ford,3:49.200,GUR,BEL,50.4372,5.9714
France,Jack  Brabham ,Brabham Ford,2:11.400,BRA,FRA,43.2509,5.7901
Great Britain,Jim  Clark ,Lotus Climax,1:38.800,CLA,GBR,52.0786,-1.0169
Germany,John  Surtees ,Ferrari,8:39.000,SUR,DEU,49.3276,8.5625
Austria,Dan  Gurney ,Brabham Ford,1:10.560,GUR,AUT,47.2197,14.7646
Italy,John  Surtees ,Ferrari,1:38.800,SUR,ITA,44.3406,11.7161
United States,Jim  Clark ,Lotus Climax,1:12.700,CLA,USA,30.1328,-97.6411
Mexico,Jim  Clark ,Lotus Climax,1:58.370,CLA,MEX,19.4042,-99.0907
South Africa,Jim  Clark ,Lotus Climax,1:27.600,CLA,ZAF,-26.2474,27.8477
Monaco,Graham  Hill ,BRM,1:31.700,HIL,MON,43.7347,7.4206
Belgium,Jim  Clark ,Lotus Climax,4:12.900,CLA,BEL,50.4372,5.9714
France,Jim  Clark ,Lotus Climax,3:18.900,CLA,FRA,43.2509,5.7901
Great Britain,Graham  Hill ,BRM,1:32.200,HIL,GBR,52.0786,-1.0169
Netherlands,Jim  Clark ,Lotus Climax,1:30.600,CLA,NED,52.3888,4.5409
Germany,Jim  Clark ,Lotus Climax,8:24.100,CLA,DEU,49.3276,8.5625
Italy,Jim  Clark ,Lotus Climax,1:36.400,CLA,ITA,44.3406,11.7161
United States,Graham  Hill ,BRM,1:11.900,HIL,USA,30.1328,-97.6411
Mexico,Dan  Gurney ,Brabham Climax,1:55.840,GUR,MEX,19.4042,-99.0907
Monaco,Lorenzo  Bandini ,Ferrari,1:29.800,BAN,MON,43.7347,7.4206
Belgium,John  Surtees ,Ferrari,4:18.700,SUR,BEL,50.4372,5.9714
France,Lorenzo  Bandini ,Ferrari,2:11.300,BAN,FRA,43.2509,5.7901
Great Britain,Jack  Brabham ,Brabham Climax,1:37.000,BRA,GBR,52.0786,-1.0169
Netherlands,Denny  Hulme ,Brabham Climax,1:30.600,HUL,NED,52.3888,4.5409
Germany,John  Surtees ,Cooper Maserati,8:49.000,SUR,DEU,49.3276,8.5625
Italy,Ludovico  Scarfiotti ,Ferrari,1:32.400,SCA,ITA,44.3406,11.7161
United States,John  Surtees ,Cooper Maserati,1:09.670,SUR,USA,30.1328,-97.6411
Mexico,Richie  Ginther ,Honda,1:53.750,GIN,MEX,19.4042,-99.0907
South Africa,Denny  Hulme ,Brabham Repco,1:29.900,HUL,ZAF,-26.2474,27.8477
Monaco,Jim  Clark ,Lotus Climax,1:29.500,CLA,MON,43.7347,7.4206
Netherlands,Jim  Clark ,Lotus Climax,1:28.080,CLA,NED,52.3888,4.5409
Belgium,Dan  Gurney ,Eagle Climax,3:31.900,GUR,BEL,50.4372,5.9714
France,Graham  Hill ,Lotus Climax,1:36.700,HIL,FRA,43.2509,5.7901
Great Britain,Denny  Hulme ,Brabham Repco,1:27.000,HUL,GBR,52.0786,-1.0169
Germany,Dan  Gurney ,Eagle Climax,8:15.100,GUR,DEU,49.3276,8.5625
Canada,Jim  Clark ,Lotus Climax,1:23.100,CLA,CAN,45.5049,-73.5262
Italy,Jim  Clark ,Lotus Climax,1:28.500,CLA,ITA,44.3406,11.7161
United States,Graham  Hill ,Lotus Climax,1:06.000,HIL,USA,30.1328,-97.6411
Mexico,Jim  Clark ,Lotus Climax,1:48.130,CLA,MEX,19.4042,-99.0907
South Africa,Jim  Clark ,Lotus Ford,1:23.700,CLA,ZAF,-26.2474,27.8477
Spain,Jean-Pierre  Beltoise ,Matra Ford,1:28.300,BEL,ESP,41.57,2.2615
Monaco,Richard  Attwood ,BRM,1:28.100,ATT,MON,43.7347,7.4206
Belgium,John  Surtees ,Honda,3:30.500,SUR,BEL,50.4372,5.9714
Netherlands,Jean-Pierre  Beltoise ,Matra Ford,1:45.910,BEL,NED,52.3888,4.5409
France,Pedro  Rodriguez ,BRM,2:11.500,ROD,FRA,43.2509,5.7901
Great Britain,Jo  Siffert ,Lotus Ford,1:29.700,SIF,GBR,52.0786,-1.0169
Germany,Jackie  Stewart ,Matra Ford,9:36.000,STE,DEU,49.3276,8.5625
Italy,Jackie  Oliver ,Lotus Ford,1:26.500,OLI,ITA,44.3406,11.7161
Canada,Jo  Siffert ,Lotus Ford,1:35.100,SIF,CAN,45.5049,-73.5262
United States,Jackie  Stewart ,Matra Ford,1:05.220,STE,USA,30.1328,-97.6411
Mexico,Jo  Siffert ,Lotus Ford,1:44.230,SIF,MEX,19.4042,-99.0907
South Africa,Jackie  Stewart ,Matra Ford,1:21.600,STE,ZAF,-26.2474,27.8477
Spain,Jochen  Rindt ,Lotus Ford,1:28.300,RIN,ESP,41.57,2.2615
Monaco,Jackie  Stewart ,Matra Ford,1:25.100,STE,MON,43.7347,7.4206
Netherlands,Jackie  Stewart ,Matra Ford,1:22.940,STE,NED,52.3888,4.5409
France,Jackie  Stewart ,Matra Ford,3:02.700,STE,FRA,43.2509,5.7901
Great Britain,Jackie  Stewart ,Matra Ford,1:21.300,STE,GBR,52.0786,-1.0169
Germany,Jacky  Ickx ,Brabham Climax,7:43.800,ICK,DEU,49.3276,8.5625
Italy,Jean-Pierre  Beltoise ,Matra Ford,1:25.200,BEL,ITA,44.3406,11.7161
Canada,Jacky  Ickx ,Brabham Climax,1:18.100,ICK,CAN,45.5049,-73.5262
United States,Jochen  Rindt ,Lotus Ford,1:04.340,RIN,USA,30.1328,-97.6411
Mexico,Jacky  Ickx ,Brabham Climax,1:43.050,ICK,MEX,19.4042,-99.0907
South Africa,John  Surtees ,McLaren Ford,1:20.800,SUR,ZAF,-26.2474,27.8477
Spain,Jack  Brabham ,Brabham Ford,1:24.300,BRA,ESP,41.57,2.2615
Monaco,Jochen  Rindt ,Lotus Ford,1:23.200,RIN,MON,43.7347,7.4206
Belgium,Chris  Amon ,March Ford,3:27.400,AMO,BEL,50.4372,5.9714
Netherlands,Jacky  Ickx ,Ferrari,1:19.230,ICK,NED,52.3888,4.5409
France,Jack  Brabham ,Brabham Ford,3:00.750,BRA,FRA,43.2509,5.7901
Great Britain,Jack  Brabham ,Brabham Ford,1:25.900,BRA,GBR,52.0786,-1.0169
Germany,Jacky  Ickx ,Ferrari,2:00.500,ICK,DEU,49.3276,8.5625
Austria,Jacky  Ickx ,Ferrari,1:40.400,ICK,AUT,47.2197,14.7646
Italy,Clay  Regazzoni ,Ferrari,1:25.200,REG,ITA,44.3406,11.7161
Canada,Clay  Regazzoni ,Ferrari,1:32.200,REG,CAN,45.5049,-73.5262
United States,Jacky  Ickx ,Ferrari,1:02.740,ICK,USA,30.1328,-97.6411
Mexico,Jacky  Ickx ,Ferrari,1:43.110,ICK,MEX,19.4042,-99.0907
South Africa,Mario  Andretti ,Ferrari,1:20.300,AND,ZAF,-26.2474,27.8477
Spain,Jacky  Ickx ,Ferrari,1:25.100,ICK,ESP,41.57,2.2615
Monaco,Jackie  Stewart ,Tyrrell Ford,1:22.200,STE,MON,43.7347,7.4206
Netherlands,Jacky  Ickx ,Ferrari,1:34.950,ICK,NED,52.3888,4.5409
France,Jackie  Stewart ,Tyrrell Ford,1:54.090,STE,FRA,43.2509,5.7901
Great Britain,Jackie  Stewart ,Tyrrell Ford,1:19.900,STE,GBR,52.0786,-1.0169
Germany,Francois Cevert,Tyrrell Ford,7:20.100,CEV,DEU,49.3276,8.5625
Austria,Jo  Siffert ,BRM,1:38.470,SIF,AUT,47.2197,14.7646
Italy,Henri  Pescarolo ,March Ford,1:23.800,PES,ITA,44.3406,11.7161
Canada,Denny  Hulme ,McLaren Ford,1:43.500,HUL,CAN,45.5049,-73.5262
United States,Jacky  Ickx ,Ferrari,1:43.474,ICK,USA,30.1328,-97.6411
Argentina,Jackie  Stewart ,Tyrrell Ford,1:13.660,STE,ARG,-34.6466,-58.3876
South Africa,Mike  Hailwood ,Surtees Ford,1:18.900,HAI,ZAF,-26.2474,27.8477
Spain,Jacky  Ickx ,Ferrari,1:21.010,ICK,ESP,41.57,2.2615
Monaco,Jean-Pierre  Beltoise ,BRM,1:40.000,BEL,MON,43.7347,7.4206
Belgium,Chris  Amon ,Matra,1:12.120,AMO,BEL,50.4372,5.9714
France,Chris  Amon ,Matra,2:53.900,AMO,FRA,43.2509,5.7901
Great Britain,Jackie  Stewart ,Tyrrell Ford,1:24.000,STE,GBR,52.0786,-1.0169
Germany,Jacky  Ickx ,Ferrari,7:13.600,ICK,DEU,49.3276,8.5625
Austria,Denny  Hulme ,McLaren Ford,1:38.320,HUL,AUT,47.2197,14.7646
Italy,Jacky  Ickx ,Ferrari,1:36.300,ICK,ITA,44.3406,11.7161
Canada,Jackie  Stewart ,Tyrrell Ford,1:15.700,STE,CAN,45.5049,-73.5262
United States,Jackie  Stewart ,Tyrrell Ford,1:41.644,STE,USA,30.1328,-97.6411
Argentina,Emerson  Fittipaldi ,Lotus Ford,1:11.220,FIT,ARG,-34.6466,-58.3876
Brazil,Emerson  Fittipaldi ,Lotus Ford,2:35.000,FIT,BRA,-23.7036,-46.6997
South Africa,Emerson  Fittipaldi ,Lotus Ford,1:17.100,FIT,ZAF,-26.2474,27.8477
Spain,Ronnie  Peterson ,Lotus Ford,1:23.800,PET,ESP,41.57,2.2615
Belgium,Francois Cevert,Tyrrell Ford,1:25.420,CEV,BEL,50.4372,5.9714
Monaco,Emerson  Fittipaldi ,Lotus Ford,1:28.100,FIT,MON,43.7347,7.4206
Sweden,Denny  Hulme ,McLaren Ford,1:26.146,HUL,SWE,59.4088,17.7569
France,Denny  Hulme ,McLaren Ford,1:50.990,HUL,FRA,43.2509,5.7901
Great Britain,James  Hunt ,March Ford,1:18.600,HUN,GBR,52.0786,-1.0169
Netherlands,Ronnie  Peterson ,Lotus Ford,1:20.310,PET,NED,52.3888,4.5409
Germany,Carlos  Pace ,Surtees Ford,7:11.400,PAC,DEU,49.3276,8.5625
Austria,Carlos  Pace ,Surtees Ford,1:37.290,PAC,AUT,47.2197,14.7646
Italy,Jackie  Stewart ,Tyrrell Ford,1:35.300,STE,ITA,44.3406,11.7161
Canada,Emerson  Fittipaldi ,Lotus Ford,1:15.496,FIT,CAN,45.5049,-73.5262
United States,James  Hunt ,March Ford,1:41.652,HUN,USA,30.1328,-97.6411
Argentina,Clay  Regazzoni ,Ferrari,1:52.100,REG,ARG,-34.6466,-58.3876
Brazil,Clay  Regazzoni ,Ferrari,2:36.050,REG,BRA,-23.7036,-46.6997
South Africa,Carlos  Reutemann ,Brabham Ford,1:18.160,REU,ZAF,-26.2474,27.8477
Spain,Niki  Lauda ,Ferrari,1:20.830,LAU,ESP,41.57,2.2615
Belgium,Denny  Hulme ,McLaren Ford,1:11.310,HUL,BEL,50.4372,5.9714
Monaco,Ronnie  Peterson ,Lotus Ford,1:27.900,PET,MON,43.7347,7.4206
Sweden,Patrick  Depailler ,Tyrrell Ford,1:27.262,DEP,SWE,59.4088,17.7569
Netherlands,Ronnie  Peterson ,Lotus Ford,1:21.440,PET,NED,52.3888,4.5409
France,Jody  Scheckter ,Tyrrell Ford,1:00.000,SCH,FRA,43.2509,5.7901
Great Britain,Niki  Lauda ,Ferrari,1:21.100,LAU,GBR,52.0786,-1.0169
Germany,Jody  Scheckter ,Tyrrell Ford,7:11.100,SCH,DEU,49.3276,8.5625
Austria,Clay  Regazzoni ,Ferrari,1:37.220,REG,AUT,47.2197,14.7646
Italy,Carlos  Pace ,Brabham Ford,1:34.200,PAC,ITA,44.3406,11.7161
Canada,Niki  Lauda ,Ferrari,1:13.659,LAU,CAN,45.5049,-73.5262
United States,Carlos  Pace ,Brabham Ford,1:40.608,PAC,USA,30.1328,-97.6411
Argentina,James  Hunt ,Hesketh Ford,1:50.910,HUN,ARG,-34.6466,-58.3876
Brazil,Jean-Pierre  Jarier ,Shadow Matra,2:34.160,JAR,BRA,-23.7036,-46.6997
South Africa,Carlos  Pace ,Brabham Ford,1:17.200,PAC,ZAF,-26.2474,27.8477
Spain,Mario  Andretti ,Parnelli Ford,1:25.100,AND,ESP,41.57,2.2615
Monaco,Patrick  Depailler ,Tyrrell Ford,1:28.670,DEP,MON,43.7347,7.4206
Belgium,Clay  Regazzoni ,Ferrari,1:26.760,REG,BEL,50.4372,5.9714
Sweden,Niki  Lauda ,Ferrari,1:28.267,LAU,SWE,59.4088,17.7569
Netherlands,Niki  Lauda ,Ferrari,1:21.540,LAU,NED,52.3888,4.5409
France,Jochen  Mass ,McLaren Ford,1:50.600,MAS,FRA,43.2509,5.7901
Great Britain,Clay  Regazzoni ,Ferrari,1:20.900,REG,GBR,52.0786,-1.0169
Germany,Clay  Regazzoni ,Ferrari,7:06.400,REG,DEU,49.3276,8.5625
Austria,Vittorio  Brambilla ,March Ford,1:53.900,BRA,AUT,47.2197,14.7646
Italy,Clay  Regazzoni ,Ferrari,1:33.100,REG,ITA,44.3406,11.7161
United States,Emerson  Fittipaldi ,McLaren Ford,1:43.374,FIT,USA,30.1328,-97.6411
Brazil,Jean-Pierre  Jarier ,Shadow Ford,2:35.070,JAR,BRA,-23.7036,-46.6997
South Africa,Niki  Lauda ,Ferrari,1:17.970,LAU,ZAF,-26.2474,27.8477
USA West,Clay  Regazzoni ,Ferrari,1:23.076,REG,USA,36.1699,-115.1398
Spain,Jochen  Mass ,McLaren Ford,1:20.930,MAS,ESP,41.57,2.2615
Belgium,Niki  Lauda ,Ferrari,1:25.980,LAU,BEL,50.4372,5.9714
Monaco,Clay  Regazzoni ,Ferrari,1:30.280,REG,MON,43.7347,7.4206
Sweden,Mario  Andretti ,Lotus Ford,1:28.002,AND,SWE,59.4088,17.7569
France,Niki  Lauda ,Ferrari,1:51.000,LAU,FRA,43.2509,5.7901
Great Britain,Niki  Lauda ,Ferrari,1:19.910,LAU,GBR,52.0786,-1.0169
Germany,Jody  Scheckter ,Tyrrell Ford,7:10.800,SCH,DEU,49.3276,8.5625
Austria,James  Hunt ,McLaren Ford,1:35.910,HUN,AUT,47.2197,14.7646
Netherlands,Clay  Regazzoni ,Ferrari,1:22.590,REG,NED,52.3888,4.5409
Italy,Ronnie  Peterson ,March Ford,1:41.300,PET,ITA,44.3406,11.7161
Canada,Patrick  Depailler ,Tyrrell Ford,1:13.817,DEP,CAN,45.5049,-73.5262
USA East,James  Hunt ,McLaren Ford,1:42.851,HUN,USA,40.713,-74.0072
Japan,Jacques  Laffite ,Ligier Matra,1:19.970,LAF,JPN,34.8431,136.5416
Argentina,James  Hunt ,McLaren Ford,1:51.060,HUN,ARG,-34.6466,-58.3876
Brazil,James  Hunt ,McLaren Ford,2:34.550,HUN,BRA,-23.7036,-46.6997
South Africa,John  Watson ,Brabham Alfa Romeo,1:17.630,WAT,ZAF,-26.2474,27.8477
USA West,Niki  Lauda ,Ferrari,1:22.753,LAU,USA,36.1699,-115.1398
Spain,Jacques  Laffite ,Ligier Matra,1:20.810,LAF,ESP,41.57,2.2615
Monaco,Jody  Scheckter ,Wolf Ford,1:31.070,SCH,MON,43.7347,7.4206
Belgium,Gunnar  Nilsson ,Lotus Ford,1:27.540,NIL,BEL,50.4372,5.9714
Sweden,Mario  Andretti ,Lotus Ford,1:27.607,AND,SWE,59.4088,17.7569
France,Mario  Andretti ,Lotus Ford,1:13.750,AND,FRA,43.2509,5.7901
Great Britain,James  Hunt ,McLaren Ford,1:19.600,HUN,GBR,52.0786,-1.0169
Germany,Niki  Lauda ,Ferrari,1:55.990,LAU,DEU,49.3276,8.5625
Austria,John  Watson ,Brabham Alfa Romeo,1:40.960,WAT,AUT,47.2197,14.7646
Netherlands,Niki  Lauda ,Ferrari,1:19.990,LAU,NED,52.3888,4.5409
Italy,Mario  Andretti ,Lotus Ford,1:39.100,AND,ITA,44.3406,11.7161
USA East,Ronnie  Peterson ,Tyrrell Ford,1:51.854,PET,USA,40.713,-74.0072
Canada,Mario  Andretti ,Lotus Ford,1:13.299,AND,CAN,45.5049,-73.5262
Japan,Jody  Scheckter ,Wolf Ford,1:14.300,SCH,JPN,34.8431,136.5416
Argentina,Gilles  Villeneuve ,Ferrari,1:49.760,VIL,ARG,-34.6466,-58.3876
Brazil,Carlos  Reutemann ,Ferrari,1:43.070,REU,BRA,-23.7036,-46.6997
South Africa,Mario  Andretti ,Lotus Ford,1:17.090,AND,ZAF,-26.2474,27.8477
USA West,Alan Jones ,Williams Ford,1:22.215,JON,USA,36.1699,-115.1398
Monaco,Niki  Lauda ,Brabham Alfa Romeo,1:28.650,LAU,MON,43.7347,7.4206
Belgium,Ronnie  Peterson ,Lotus Ford,1:23.130,PET,BEL,50.4372,5.9714
Spain,Mario  Andretti ,Lotus Ford,1:20.060,AND,ESP,41.57,2.2615
Sweden,Niki  Lauda ,Brabham Alfa Romeo,1:24.836,LAU,SWE,59.4088,17.7569
France,Carlos  Reutemann ,Ferrari,1:48.560,REU,FRA,43.2509,5.7901
Great Britain,Niki  Lauda ,Brabham Alfa Romeo,1:18.600,LAU,GBR,52.0786,-1.0169
Germany,Ronnie  Peterson ,Lotus Ford,1:55.620,PET,DEU,49.3276,8.5625
Austria,Ronnie  Peterson ,Lotus Ford,1:43.120,PET,AUT,47.2197,14.7646
Netherlands,Niki  Lauda ,Brabham Alfa Romeo,1:19.570,LAU,NED,52.3888,4.5409
Italy,Mario  Andretti ,Lotus Ford,1:38.230,AND,ITA,44.3406,11.7161
USA East,Jean-Pierre  Jarier ,Lotus Ford,1:39.557,JAR,USA,40.713,-74.0072
Canada,Alan Jones ,Williams Ford,1:38.072,JON,CAN,45.5049,-73.5262
Argentina,Jacques  Laffite ,Ligier Ford,1:46.910,LAF,ARG,-34.6466,-58.3876
Brazil,Jacques  Laffite ,Ligier Ford,2:28.760,LAF,BRA,-23.7036,-46.6997
South Africa,Gilles  Villeneuve ,Ferrari,1:14.412,VIL,ZAF,-26.2474,27.8477
USA West,Gilles  Villeneuve ,Ferrari,1:21.200,VIL,USA,36.1699,-115.1398
Spain,Gilles  Villeneuve ,Ferrari,1:16.440,VIL,ESP,41.57,2.2615
Belgium,Gilles  Villeneuve ,Ferrari,1:23.090,VIL,BEL,50.4372,5.9714
Monaco,Patrick  Depailler ,Ligier Ford,1:28.820,DEP,MON,43.7347,7.4206
France,Rene  Arnoux ,Renault,1:09.160,ARN,FRA,43.2509,5.7901
Great Britain,Clay  Regazzoni ,Williams Ford,1:14.400,REG,GBR,52.0786,-1.0169
Germany,Gilles  Villeneuve ,Ferrari,1:51.890,VIL,DEU,49.3276,8.5625
Austria,Rene  Arnoux ,Renault,1:35.770,ARN,AUT,47.2197,14.7646
Netherlands,Gilles  Villeneuve ,Ferrari,1:19.438,VIL,NED,52.3888,4.5409
Italy,Clay  Regazzoni ,Williams Ford,1:35.600,REG,ITA,44.3406,11.7161
Canada,Alan Jones ,Williams Ford,1:31.272,JON,CAN,45.5049,-73.5262
USA East,Nelson  Piquet ,Brabham Ford,1:40.054,PIQ,USA,40.713,-74.0072
Argentina,Alan Jones ,Williams Ford,1:50.450,JON,ARG,-34.6466,-58.3876
Brazil,Rene  Arnoux ,Renault,2:27.310,ARN,BRA,-23.7036,-46.6997
South Africa,Rene  Arnoux ,Renault,1:13.150,ARN,ZAF,-26.2474,27.8477
USA West,Nelson  Piquet ,Brabham Ford,1:19.830,PIQ,USA,36.1699,-115.1398
Belgium,Jacques  Laffite ,Ligier Ford,1:20.880,LAF,BEL,50.4372,5.9714
Monaco,Carlos  Reutemann ,Williams Ford,1:27.418,REU,MON,43.7347,7.4206
France,Alan Jones ,Williams Ford,1:41.450,JON,FRA,43.2509,5.7901
Great Britain,Didier  Pironi ,Ligier Ford,1:12.368,PIR,GBR,52.0786,-1.0169
Germany,Alan Jones ,Williams Ford,1:48.490,JON,DEU,49.3276,8.5625
Austria,Rene  Arnoux ,Renault,1:32.530,ARN,AUT,47.2197,14.7646
Netherlands,Rene  Arnoux ,Renault,1:19.350,ARN,NED,52.3888,4.5409
Italy,Alan Jones ,Williams Ford,1:36.089,JON,ITA,44.3406,11.7161
Canada,Didier  Pironi ,Ligier Ford,1:28.769,PIR,CAN,45.5049,-73.5262
USA East,Alan Jones ,Williams Ford,1:34.068,JON,USA,40.713,-74.0072
USA West,Alan Jones ,Williams Ford,1:20.901,JON,USA,36.1699,-115.1398
Brazil,Marc  Surer ,Ensign Ford,1:54.302,SUR,BRA,-23.7036,-46.6997
Argentina,Nelson  Piquet ,Brabham Ford,1:45.287,PIQ,ARG,-34.6466,-58.3876
San Marino,Gilles  Villeneuve ,Ferrari,1:48.064,VIL,SMR,43.9685,12.4813
Belgium,Carlos  Reutemann ,Williams Ford,1:23.300,REU,BEL,50.4372,5.9714
Monaco,Alan Jones ,Williams Ford,1:27.470,JON,MON,43.7347,7.4206
Spain,Alan Jones ,Williams Ford,1:17.818,JON,ESP,41.57,2.2615
France,Alain  Prost ,Renault,1:09.140,PRO,FRA,43.2509,5.7901
Great Britain,Rene  Arnoux ,Renault,1:15.067,ARN,GBR,52.0786,-1.0169
Germany,Alan Jones ,Williams Ford,1:52.420,JON,DEU,49.3276,8.5625
Austria,Jacques  Laffite ,Ligier Matra,1:37.620,LAF,AUT,47.2197,14.7646
Netherlands,Alan Jones ,Williams Ford,1:21.830,JON,NED,52.3888,4.5409
Italy,Carlos  Reutemann ,Williams Ford,1:37.528,REU,ITA,44.3406,11.7161
Canada,John  Watson ,McLaren Ford,1:49.475,WAT,CAN,45.5049,-73.5262
Caesar's Palace,Didier  Pironi ,Ferrari,1:20.156,PIR,USA,36.1699,-115.1398
South Africa,Alain  Prost ,Renault,1:08.278,PRO,ZAF,-26.2474,27.8477
Brazil,Alain  Prost ,Renault,1:37.016,PRO,BRA,-23.7036,-46.6997
USA West,Niki  Lauda ,McLaren Ford,1:30.831,LAU,USA,36.1699,-115.1398
San Marino,Didier  Pironi ,Ferrari,1:35.036,PIR,SMR,43.9685,12.4813
Belgium,John  Watson ,McLaren Ford,1:20.214,WAT,BEL,50.4372,5.9714
Monaco,Riccardo  Patrese ,Brabham Ford,1:26.354,PAT,MON,43.7347,7.4206
Detroit,Alain  Prost ,Renault,1:50.438,PRO,USA,42.3407,-83.0458
Canada,Didier  Pironi ,Ferrari,1:28.323,PIR,CAN,45.5049,-73.5262
Netherlands,Derek  Warwick ,Toleman Hart,1:19.780,WAR,NED,52.3888,4.5409
Great Britain,Brian  Henton ,Tyrrell Ford,1:13.028,HEN,GBR,52.0786,-1.0169
France,Riccardo  Patrese ,Brabham Ford,1:40.075,PAT,FRA,43.2509,5.7901
Germany,Nelson  Piquet ,Brabham Ford,1:54.035,PIQ,DEU,49.3276,8.5625
Austria,Nelson  Piquet ,Brabham Ford,1:33.699,PIQ,AUT,47.2197,14.7646
Switzerland,Alain  Prost ,Renault,1:07.477,PRO,SUI,47.3769,8.5417
Italy,Rene  Arnoux ,Renault,1:33.619,ARN,ITA,44.3406,11.7161
Caesar's Palace,Michele  Alboreto ,Tyrrell Ford,1:19.639,ALB,USA,36.1699,-115.1398
Brazil,Nelson  Piquet ,Brabham BMW,1:39.829,PIQ,BRA,-23.7036,-46.6997
USA West,Niki  Lauda ,McLaren TAG,1:28.330,LAU,USA,36.1699,-115.1398
France,Alain  Prost ,Renault,1:42.695,PRO,FRA,43.2509,5.7901
San Marino,Riccardo  Patrese ,Brabham BMW,1:34.437,PAT,SMR,43.9685,12.4813
Monaco,Nelson  Piquet ,Brabham BMW,1:27.283,PIQ,MON,43.7347,7.4206
Belgium,Andrea  de Cesaris ,Alfa Romeo,2:07.493,DEC,BEL,50.4372,5.9714
Detroit,John  Watson ,McLaren TAG,1:47.668,WAT,USA,42.3407,-83.0458
Canada,Patrick  Tambay ,Ferrari,1:30.851,TAM,CAN,45.5049,-73.5262
Great Britain,Alain  Prost ,Renault,1:14.212,PRO,GBR,52.0786,-1.0169
Germany,Rene  Arnoux ,Ferrari,1:53.938,ARN,DEU,49.3276,8.5625
Austria,Alain  Prost ,Renault,1:33.961,PRO,AUT,47.2197,14.7646
Netherlands,Rene  Arnoux ,Ferrari,1:19.863,ARN,NED,52.3888,4.5409
Italy,Nelson  Piquet ,Brabham BMW,1:34.431,PIQ,ITA,44.3406,11.7161
Europe,Nigel  Mansell ,Lotus Ford,1:14.342,MAN,DEU,50.4336,6.9476
South Africa,Nelson  Piquet ,Brabham BMW,1:09.948,PIQ,ZAF,-26.2474,27.8477
Brazil,Alain  Prost ,McLaren TAG,1:36.499,PRO,BRA,-23.7036,-46.6997
South Africa,Patrick  Tambay ,Renault,1:08.877,TAM,ZAF,-26.2474,27.8477
Belgium,Rene  Arnoux ,Ferrari,1:19.294,ARN,BEL,50.4372,5.9714
San Marino,Nelson  Piquet ,Brabham BMW,1:33.275,PIQ,SMR,43.9685,12.4813
France,Alain  Prost ,McLaren TAG,1:05.257,PRO,FRA,43.2509,5.7901
Monaco,Ayrton  Senna ,Toleman Hart,1:54.334,SEN,MON,43.7347,7.4206
Canada,Nelson  Piquet ,Brabham BMW,1:28.763,PIQ,CAN,45.5049,-73.5262
Detroit,Derek  Warwick ,Renault,1:46.221,WAR,USA,42.3407,-83.0458
Dallas,Niki  Lauda ,McLaren TAG,1:45.353,LAU,USA,32.7749,-96.8089
Great Britain,Niki  Lauda ,McLaren TAG,1:13.191,LAU,GBR,52.0786,-1.0169
Germany,Alain  Prost ,McLaren TAG,1:53.538,PRO,DEU,49.3276,8.5625
Austria,Niki  Lauda ,McLaren TAG,1:32.882,LAU,AUT,47.2197,14.7646
Netherlands,Rene  Arnoux ,Ferrari,1:19.465,ARN,NED,52.3888,4.5409
Italy,Niki  Lauda ,McLaren TAG,1:31.912,LAU,ITA,44.3406,11.7161
Europe,Nelson  Piquet ,Brabham BMW,1:23.146,PIQ,DEU,50.4336,6.9476
Portugal,Niki  Lauda ,McLaren TAG,1:22.996,LAU,POR,37.227,-8.6281
Brazil,Alain  Prost ,McLaren TAG,1:36.702,PRO,BRA,-23.7036,-46.6997
Portugal,Ayrton  Senna ,Lotus Renault,1:44.121,SEN,POR,37.227,-8.6281
San Marino,Michele  Alboreto ,Ferrari,1:30.961,ALB,SMR,43.9685,12.4813
Monaco,Michele  Alboreto ,Ferrari,1:22.637,ALB,MON,43.7347,7.4206
Canada,Ayrton  Senna ,Lotus Renault,1:27.445,SEN,CAN,45.5049,-73.5262
Detroit,Ayrton  Senna ,Lotus Renault,1:45.612,SEN,USA,42.3407,-83.0458
France,Keke  Rosberg ,Williams Honda,1:39.914,ROS,FRA,43.2509,5.7901
Great Britain,Alain  Prost ,McLaren TAG,1:09.886,PRO,GBR,52.0786,-1.0169
Germany,Niki  Lauda ,McLaren TAG,1:22.806,LAU,DEU,49.3276,8.5625
Austria,Alain  Prost ,McLaren TAG,1:29.241,PRO,AUT,47.2197,14.7646
Netherlands,Alain  Prost ,McLaren TAG,1:16.538,PRO,NED,52.3888,4.5409
Italy,Nigel  Mansell ,Williams Honda,1:28.283,MAN,ITA,44.3406,11.7161
Belgium,Alain  Prost ,McLaren TAG,2:01.730,PRO,BEL,50.4372,5.9714
Europe,Jacques  Laffite ,Ligier Renault,1:11.526,LAF,DEU,50.4336,6.9476
South Africa,Keke  Rosberg ,Williams Honda,1:08.149,ROS,ZAF,-26.2474,27.8477
Australia,Keke  Rosberg ,Williams Honda,1:23.758,ROS,AUS,-37.8497,144.968
Brazil,Nelson  Piquet ,Williams Honda,1:33.546,PIQ,BRA,-23.7036,-46.6997
Spain,Nigel  Mansell ,Williams Honda,1:27.176,MAN,ESP,41.57,2.2615
San Marino,Nelson  Piquet ,Williams Honda,1:28.667,PIQ,SMR,43.9685,12.4813
Monaco,Alain  Prost ,McLaren TAG,1:26.607,PRO,MON,43.7347,7.4206
Belgium,Alain  Prost ,McLaren TAG,1:59.282,PRO,BEL,50.4372,5.9714
Canada,Nelson  Piquet ,Williams Honda,1:25.443,PIQ,CAN,45.5049,-73.5262
Detroit,Nelson  Piquet ,Williams Honda,1:41.233,PIQ,USA,42.3407,-83.0458
France,Nigel  Mansell ,Williams Honda,1:09.993,MAN,FRA,43.2509,5.7901
Great Britain,Nigel  Mansell ,Williams Honda,1:09.593,MAN,GBR,52.0786,-1.0169
Germany,Gerhard  Berger ,Benetton BMW,1:46.604,BER,DEU,49.3276,8.5625
Hungary,Nelson  Piquet ,Williams Honda,1:31.001,PIQ,HUN,47.5789,19.2486
Austria,Gerhard  Berger ,Benetton BMW,1:29.444,BER,AUT,47.2197,14.7646
Italy,Teo  Fabi ,Benetton BMW,1:28.099,FAB,ITA,44.3406,11.7161
Portugal,Nigel  Mansell ,Williams Honda,1:20.943,MAN,POR,37.227,-8.6281
Mexico,Nelson  Piquet ,Williams Honda,1:19.360,PIQ,MEX,19.4042,-99.0907
Australia,Nelson  Piquet ,Williams Honda,1:20.787,PIQ,AUS,-37.8497,144.968
Brazil,Nelson  Piquet ,Williams Honda,1:33.861,PIQ,BRA,-23.7036,-46.6997
San Marino,Teo  Fabi ,Benetton Ford,1:29.246,FAB,SMR,43.9685,12.4813
Belgium,Alain  Prost ,McLaren TAG,1:57.153,PRO,BEL,50.4372,5.9714
Monaco,Ayrton  Senna ,Lotus Honda,1:27.685,SEN,MON,43.7347,7.4206
Detroit,Ayrton  Senna ,Lotus Honda,1:40.464,SEN,USA,42.3407,-83.0458
France,Nelson  Piquet ,Williams Honda,1:09.548,PIQ,FRA,43.2509,5.7901
Great Britain,Nigel  Mansell ,Williams Honda,1:09.832,MAN,GBR,52.0786,-1.0169
Germany,Nigel  Mansell ,Williams Honda,1:45.716,MAN,DEU,49.3276,8.5625
Hungary,Nelson  Piquet ,Williams Honda,1:30.149,PIQ,HUN,47.5789,19.2486
Austria,Nigel  Mansell ,Williams Honda,1:28.318,MAN,AUT,47.2197,14.7646
Italy,Ayrton  Senna ,Lotus Honda,1:26.796,SEN,ITA,44.3406,11.7161
Portugal,Gerhard  Berger ,Ferrari,1:19.282,BER,POR,37.227,-8.6281
Spain,Gerhard  Berger ,Ferrari,1:26.986,BER,ESP,41.57,2.2615
Mexico,Nelson  Piquet ,Williams Honda,1:19.132,PIQ,MEX,19.4042,-99.0907
Japan,Alain  Prost ,McLaren TAG,1:43.844,PRO,JPN,34.8431,136.5416
Australia,Gerhard  Berger ,Ferrari,1:20.416,BER,AUS,-37.8497,144.968
Brazil,Gerhard  Berger ,Ferrari,1:32.943,BER,BRA,-23.7036,-46.6997
San Marino,Alain  Prost ,McLaren Honda,1:29.685,PRO,SMR,43.9685,12.4813
Monaco,Ayrton  Senna ,McLaren Honda,1:26.321,SEN,MON,43.7347,7.4206
Mexico,Alain  Prost ,McLaren Honda,1:18.608,PRO,MEX,19.4042,-99.0907
Canada,Ayrton  Senna ,McLaren Honda,1:24.973,SEN,CAN,45.5049,-73.5262
Detroit,Alain  Prost ,McLaren Honda,1:44.836,PRO,USA,42.3407,-83.0458
France,Alain  Prost ,McLaren Honda,1:11.737,PRO,FRA,43.2509,5.7901
Great Britain,Nigel  Mansell ,Williams Judd,1:23.308,MAN,GBR,52.0786,-1.0169
Germany,Alessandro  Nannini ,Benetton Ford,2:03.032,NAN,DEU,49.3276,8.5625
Hungary,Alain  Prost ,McLaren Honda,1:30.639,PRO,HUN,47.5789,19.2486
Belgium,Gerhard  Berger ,Ferrari,2:00.772,BER,BEL,50.4372,5.9714
Italy,Michele  Alboreto ,Ferrari,1:29.070,ALB,ITA,44.3406,11.7161
Portugal,Gerhard  Berger ,Ferrari,1:21.961,BER,POR,37.227,-8.6281
Spain,Alain  Prost ,McLaren Honda,1:27.845,PRO,ESP,41.57,2.2615
Japan,Ayrton  Senna ,McLaren Honda,1:46.326,SEN,JPN,34.8431,136.5416
Australia,Alain  Prost ,McLaren Honda,1:21.216,PRO,AUS,-37.8497,144.968
Brazil,Riccardo  Patrese ,Williams Renault,1:32.507,PAT,BRA,-23.7036,-46.6997
San Marino,Alain  Prost ,McLaren Honda,1:26.795,PRO,SMR,43.9685,12.4813
Monaco,Alain  Prost ,McLaren Honda,1:25.501,PRO,MON,43.7347,7.4206
Mexico,Nigel  Mansell ,Ferrari,1:20.420,MAN,MEX,19.4042,-99.0907
United States,Ayrton  Senna ,McLaren Honda,1:33.969,SEN,USA,30.1328,-97.6411
Canada,Jonathan Palmer ,Tyrrell Ford,1:31.925,PAL,CAN,45.5049,-73.5262
France,Mauricio  Gugelmin ,March Judd,1:12.090,GUG,FRA,43.2509,5.7901
Great Britain,Nigel  Mansell ,Ferrari,1:12.017,MAN,GBR,52.0786,-1.0169
Germany,Ayrton  Senna ,McLaren Honda,1:45.884,SEN,DEU,49.3276,8.5625
Hungary,Nigel  Mansell ,Ferrari,1:22.637,MAN,HUN,47.5789,19.2486
Belgium,Alain  Prost ,McLaren Honda,2:11.571,PRO,BEL,50.4372,5.9714
Italy,Alain  Prost ,McLaren Honda,1:28.107,PRO,ITA,44.3406,11.7161
Portugal,Gerhard  Berger ,Ferrari,1:18.986,BER,POR,37.227,-8.6281
Spain,Ayrton  Senna ,McLaren Honda,1:25.779,SEN,ESP,41.57,2.2615
Japan,Alain  Prost ,McLaren Honda,1:43.506,PRO,JPN,34.8431,136.5416
Australia,Satoru  Nakajima ,Lotus Judd,1:38.480,NAK,AUS,-37.8497,144.968
United States,Gerhard  Berger ,McLaren Honda,1:31.050,BER,USA,30.1328,-97.6411
Brazil,Gerhard  Berger ,McLaren Honda,1:19.899,BER,BRA,-23.7036,-46.6997
San Marino,Alessandro  Nannini ,Benetton Ford,1:27.156,NAN,SMR,43.9685,12.4813
Monaco,Ayrton  Senna ,McLaren Honda,1:24.468,SEN,MON,43.7347,7.4206
Canada,Gerhard  Berger ,McLaren Honda,1:22.077,BER,CAN,45.5049,-73.5262
Mexico,Alain  Prost ,Ferrari,1:17.958,PRO,MEX,19.4042,-99.0907
France,Nigel  Mansell ,Ferrari,1:08.012,MAN,FRA,43.2509,5.7901
Great Britain,Nigel  Mansell ,Ferrari,1:11.291,MAN,GBR,52.0786,-1.0169
Germany,Thierry  Boutsen ,Williams Renault,1:45.602,BOU,DEU,49.3276,8.5625
Hungary,Riccardo  Patrese ,Williams Renault,1:22.058,PAT,HUN,47.5789,19.2486
Belgium,Alain  Prost ,Ferrari,1:55.087,PRO,BEL,50.4372,5.9714
Italy,Ayrton  Senna ,McLaren Honda,1:26.254,SEN,ITA,44.3406,11.7161
Portugal,Riccardo  Patrese ,Williams Renault,1:18.306,PAT,POR,37.227,-8.6281
Spain,Riccardo  Patrese ,Williams Renault,1:24.513,PAT,ESP,41.57,2.2615
Japan,Riccardo  Patrese ,Williams Renault,1:44.233,PAT,JPN,34.8431,136.5416
Australia,Nigel  Mansell ,Ferrari,1:18.203,MAN,AUS,-37.8497,144.968
United States,Jean  Alesi ,Ferrari,1:26.758,ALE,USA,30.1328,-97.6411
Brazil,Nigel  Mansell ,Williams Renault,1:20.436,MAN,BRA,-23.7036,-46.6997
San Marino,Gerhard  Berger ,McLaren Honda,1:26.531,BER,SMR,43.9685,12.4813
Monaco,Alain  Prost ,Ferrari,1:24.368,PRO,MON,43.7347,7.4206
Canada,Nigel  Mansell ,Williams Renault,1:22.385,MAN,CAN,45.5049,-73.5262
Mexico,Nigel  Mansell ,Williams Renault,1:16.788,MAN,MEX,19.4042,-99.0907
France,Nigel  Mansell ,Williams Renault,1:19.168,MAN,FRA,43.2509,5.7901
Great Britain,Nigel  Mansell ,Williams Renault,1:26.379,MAN,GBR,52.0786,-1.0169
Germany,Riccardo  Patrese ,Williams Renault,1:43.569,PAT,DEU,49.3276,8.5625
Hungary,Bertrand  Gachot ,Jordan Ford,1:21.547,GAC,HUN,47.5789,19.2486
Belgium,Roberto  Moreno ,Benetton Ford,1:55.161,MOR,BEL,50.4372,5.9714
Italy,Ayrton  Senna ,McLaren Honda,1:26.061,SEN,ITA,44.3406,11.7161
Portugal,Nigel  Mansell ,Williams Renault,1:18.179,MAN,POR,37.227,-8.6281
Spain,Riccardo  Patrese ,Williams Renault,1:22.837,PAT,ESP,41.57,2.2615
Japan,Ayrton  Senna ,McLaren Honda,1:41.532,SEN,JPN,34.8431,136.5416
Australia,Gerhard  Berger ,McLaren Honda,1:41.141,BER,AUS,-37.8497,144.968
South Africa,Nigel  Mansell ,Williams Renault,1:17.578,MAN,ZAF,-26.2474,27.8477
Mexico,Gerhard  Berger ,McLaren Honda,1:17.711,BER,MEX,19.4042,-99.0907
Brazil,Riccardo  Patrese ,Williams Renault,1:19.490,PAT,BRA,-23.7036,-46.6997
Spain,Nigel  Mansell ,Williams Renault,1:42.503,MAN,ESP,41.57,2.2615
San Marino,Riccardo  Patrese ,Williams Renault,1:26.100,PAT,SMR,43.9685,12.4813
Monaco,Nigel  Mansell ,Williams Renault,1:21.598,MAN,MON,43.7347,7.4206
Canada,Gerhard  Berger ,McLaren Honda,1:22.325,BER,CAN,45.5049,-73.5262
France,Nigel  Mansell ,Williams Renault,1:17.070,MAN,FRA,43.2509,5.7901
Great Britain,Nigel  Mansell ,Williams Renault,1:22.539,MAN,GBR,52.0786,-1.0169
Germany,Riccardo  Patrese ,Williams Renault,1:41.591,PAT,DEU,49.3276,8.5625
Hungary,Nigel  Mansell ,Williams Renault,1:18.308,MAN,HUN,47.5789,19.2486
Belgium,Michael  Schumacher ,Benetton Ford,1:53.791,MSC,BEL,50.4372,5.9714
Italy,Nigel  Mansell ,Williams Renault,1:26.119,MAN,ITA,44.3406,11.7161
Portugal,Ayrton  Senna ,McLaren Honda,1:16.272,SEN,POR,37.227,-8.6281
Japan,Nigel  Mansell ,Williams Renault,1:40.646,MAN,JPN,34.8431,136.5416
Australia,Michael  Schumacher ,Benetton Ford,1:16.078,MSC,AUS,-37.8497,144.968
South Africa,Alain  Prost ,Williams Renault,1:19.492,PRO,ZAF,-26.2474,27.8477
Brazil,Michael  Schumacher ,Benetton Ford,1:20.024,MSC,BRA,-23.7036,-46.6997
Europe,Ayrton  Senna ,McLaren Ford,1:18.029,SEN,DEU,50.4336,6.9476
San Marino,Alain  Prost ,Williams Renault,1:26.128,PRO,SMR,43.9685,12.4813
Spain,Michael  Schumacher ,Benetton Ford,1:20.989,MSC,ESP,41.57,2.2615
Monaco,Alain  Prost ,Williams Renault,1:23.604,PRO,MON,43.7347,7.4206
Canada,Michael  Schumacher ,Benetton Ford,1:21.500,MSC,CAN,45.5049,-73.5262
France,Michael  Schumacher ,Benetton Ford,1:19.256,MSC,FRA,43.2509,5.7901
Great Britain,Damon  Hill ,Williams Renault,1:22.515,HIL,GBR,52.0786,-1.0169
Germany,Michael  Schumacher ,Benetton Ford,1:41.859,MSC,DEU,49.3276,8.5625
Hungary,Alain  Prost ,Williams Renault,1:19.633,PRO,HUN,47.5789,19.2486
Belgium,Alain  Prost ,Williams Renault,1:51.095,PRO,BEL,50.4372,5.9714
Italy,Damon  Hill ,Williams Renault,1:23.575,HIL,ITA,44.3406,11.7161
Portugal,Damon  Hill ,Williams Renault,1:14.859,HIL,POR,37.227,-8.6281
Japan,Alain  Prost ,Williams Renault,1:41.176,PRO,JPN,34.8431,136.5416
Australia,Damon  Hill ,Williams Renault,1:15.381,HIL,AUS,-37.8497,144.968
Brazil,Michael  Schumacher ,Benetton Ford,1:18.455,MSC,BRA,-23.7036,-46.6997
Pacific,Michael  Schumacher ,Benetton Ford,1:14.023,MSC,JPN,34.8431,136.5416
San Marino,Damon  Hill ,Williams Renault,1:24.335,HIL,SMR,43.9685,12.4813
Monaco,Michael  Schumacher ,Benetton Ford,1:21.076,MSC,MON,43.7347,7.4206
Spain,Michael  Schumacher ,Benetton Ford,1:25.155,MSC,ESP,41.57,2.2615
Canada,Michael  Schumacher ,Benetton Ford,1:28.927,MSC,CAN,45.5049,-73.5262
France,Damon  Hill ,Williams Renault,1:19.678,HIL,FRA,43.2509,5.7901
Great Britain,Damon  Hill ,Williams Renault,1:27.100,HIL,GBR,52.0786,-1.0169
Germany,David  Coulthard ,Williams Renault,1:46.211,COU,DEU,49.3276,8.5625
Hungary,Michael  Schumacher ,Benetton Ford,1:20.881,MSC,HUN,47.5789,19.2486
Belgium,Damon  Hill ,Williams Renault,1:57.117,HIL,BEL,50.4372,5.9714
Italy,Damon  Hill ,Williams Renault,1:25.930,HIL,ITA,44.3406,11.7161
Portugal,David  Coulthard ,Williams Renault,1:22.446,COU,POR,37.227,-8.6281
Europe,Michael  Schumacher ,Benetton Ford,1:25.040,MSC,DEU,50.4336,6.9476
Japan,Damon  Hill ,Williams Renault,1:56.597,HIL,JPN,34.8431,136.5416
Australia,Michael  Schumacher ,Benetton Ford,1:17.140,MSC,AUS,-37.8497,144.968
Brazil,Michael  Schumacher ,Benetton Renault,1:20.921,MSC,BRA,-23.7036,-46.6997
Argentina,Michael  Schumacher ,Benetton Renault,1:30.522,MSC,ARG,-34.6466,-58.3876
San Marino,Gerhard  Berger ,Ferrari,1:29.568,BER,SMR,43.9685,12.4813
Spain,Damon  Hill ,Williams Renault,1:24.531,HIL,ESP,41.57,2.2615
Monaco,Jean  Alesi ,Ferrari,1:24.621,ALE,MON,43.7347,7.4206
Canada,Michael  Schumacher ,Benetton Renault,1:29.174,MSC,CAN,45.5049,-73.5262
France,Michael  Schumacher ,Benetton Renault,1:20.218,MSC,FRA,43.2509,5.7901
Great Britain,Damon  Hill ,Williams Renault,1:29.752,HIL,GBR,52.0786,-1.0169
Germany,Michael  Schumacher ,Benetton Renault,1:48.824,MSC,DEU,49.3276,8.5625
Hungary,Damon  Hill ,Williams Renault,1:20.247,HIL,HUN,47.5789,19.2486
Belgium,David  Coulthard ,Williams Renault,1:53.412,COU,BEL,50.4372,5.9714
Italy,Gerhard  Berger ,Ferrari,1:26.419,BER,ITA,44.3406,11.7161
Portugal,David  Coulthard ,Williams Renault,1:23.220,COU,POR,37.227,-8.6281
Europe,Michael  Schumacher ,Benetton Renault,1:21.180,MSC,DEU,50.4336,6.9476
Pacific,Michael  Schumacher ,Benetton Renault,1:16.374,MSC,JPN,34.8431,136.5416
Japan,Michael  Schumacher ,Benetton Renault,1:42.976,MSC,JPN,34.8431,136.5416
Australia,Damon  Hill ,Williams Renault,1:17.943,HIL,AUS,-37.8497,144.968
Australia,Jacques  Villeneuve ,Williams Renault,1:33.421,VIL,AUS,-37.8497,144.968
Brazil,Damon  Hill ,Williams Renault,1:21.547,HIL,BRA,-23.7036,-46.6997
Argentina,Jean  Alesi ,Benetton Renault,1:29.413,ALE,ARG,-34.6466,-58.3876
Europe,Damon  Hill ,Williams Renault,1:21.363,HIL,DEU,50.4336,6.9476
San Marino,Damon  Hill ,Williams Renault,1:28.931,HIL,SMR,43.9685,12.4813
Monaco,Jean  Alesi ,Benetton Renault,1:25.205,ALE,MON,43.7347,7.4206
Spain,Michael  Schumacher ,Ferrari,1:45.517,MSC,ESP,41.57,2.2615
Canada,Jacques  Villeneuve ,Williams Renault,1:21.916,VIL,CAN,45.5049,-73.5262
France,Jacques  Villeneuve ,Williams Renault,1:18.610,VIL,FRA,43.2509,5.7901
Great Britain,Jacques  Villeneuve ,Williams Renault,1:29.288,VIL,GBR,52.0786,-1.0169
Germany,Damon  Hill ,Williams Renault,1:46.504,HIL,DEU,49.3276,8.5625
Hungary,Damon  Hill ,Williams Renault,1:20.093,HIL,HUN,47.5789,19.2486
Belgium,Gerhard  Berger ,Benetton Renault,1:53.067,BER,BEL,50.4372,5.9714
Italy,Michael  Schumacher ,Ferrari,1:26.110,MSC,ITA,44.3406,11.7161
Portugal,Jacques  Villeneuve ,Williams Renault,1:22.873,VIL,POR,37.227,-8.6281
Japan,Jacques  Villeneuve ,Williams Renault,1:44.043,VIL,JPN,34.8431,136.5416
Australia,Heinz-Harald  Frentzen ,Williams Renault,1:30.585,FRE,AUS,-37.8497,144.968
Brazil,Jacques  Villeneuve ,Williams Renault,1:18.397,VIL,BRA,-23.7036,-46.6997
Argentina,Gerhard  Berger ,Benetton Renault,1:27.981,BER,ARG,-34.6466,-58.3876
San Marino,Heinz-Harald  Frentzen ,Williams Renault,1:25.531,FRE,SMR,43.9685,12.4813
Monaco,Michael  Schumacher ,Ferrari,1:53.315,MSC,MON,43.7347,7.4206
Spain,Giancarlo  Fisichella ,Jordan Peugeot,1:22.242,FIS,ESP,41.57,2.2615
Canada,David  Coulthard ,McLaren Mercedes,1:19.635,COU,CAN,45.5049,-73.5262
France,Michael  Schumacher ,Ferrari,1:17.910,MSC,FRA,43.2509,5.7901
Great Britain,Michael  Schumacher ,Ferrari,1:24.475,MSC,GBR,52.0786,-1.0169
Germany,Gerhard  Berger ,Benetton Renault,1:45.747,BER,DEU,49.3276,8.5625
Hungary,Heinz-Harald  Frentzen ,Williams Renault,1:18.372,FRE,HUN,47.5789,19.2486
Belgium,Jacques  Villeneuve ,Williams Renault,1:52.692,VIL,BEL,50.4372,5.9714
Italy,Mika  Hakkinen ,McLaren Mercedes,1:24.808,HAK,ITA,44.3406,11.7161
Austria,Jacques  Villeneuve ,Williams Renault,1:11.814,VIL,AUT,47.2197,14.7646
Luxembourg,Heinz-Harald  Frentzen ,Williams Renault,1:18.805,FRE,LUX,49.629,6.2185
Japan,Heinz-Harald  Frentzen ,Williams Renault,1:38.942,FRE,JPN,34.8431,136.5416
Europe,Heinz-Harald  Frentzen ,Williams Renault,1:23.135,FRE,DEU,50.4336,6.9476
Australia,Mika  Hakkinen ,McLaren Mercedes,1:31.649,HAK,AUS,-37.8497,144.968
Brazil,Mika  Hakkinen ,McLaren Mercedes,1:19.337,HAK,BRA,-23.7036,-46.6997
Argentina,Alexander  Wurz ,Benetton Playlife,1:28.179,WUR,ARG,-34.6466,-58.3876
San Marino,Michael  Schumacher ,Ferrari,1:29.345,MSC,SMR,43.9685,12.4813
Spain,Mika  Hakkinen ,McLaren Mercedes,1:24.275,HAK,ESP,41.57,2.2615
Monaco,Mika  Hakkinen ,McLaren Mercedes,1:22.948,HAK,MON,43.7347,7.4206
Canada,Michael  Schumacher ,Ferrari,1:19.379,MSC,CAN,45.5049,-73.5262
France,David  Coulthard ,McLaren Mercedes,1:17.523,COU,FRA,43.2509,5.7901
Great Britain,Michael  Schumacher ,Ferrari,1:35.704,MSC,GBR,52.0786,-1.0169
Austria,David  Coulthard ,McLaren Mercedes,1:12.878,COU,AUT,47.2197,14.7646
Germany,David  Coulthard ,McLaren Mercedes,1:46.116,COU,DEU,49.3276,8.5625
Hungary,Michael  Schumacher ,Ferrari,1:19.286,MSC,HUN,47.5789,19.2486
Belgium,Michael  Schumacher ,Ferrari,2:03.766,MSC,BEL,50.4372,5.9714
Italy,Mika  Hakkinen ,McLaren Mercedes,1:25.139,HAK,ITA,44.3406,11.7161
Luxembourg,Mika  Hakkinen ,McLaren Mercedes,1:20.450,HAK,LUX,49.629,6.2185
Japan,Michael  Schumacher ,Ferrari,1:40.190,MSC,JPN,34.8431,136.5416
Australia,Michael  Schumacher ,Ferrari,1:32.112,MSC,AUS,-37.8497,144.968
Brazil,Mika  Hakkinen ,McLaren Mercedes,1:18.448,HAK,BRA,-23.7036,-46.6997
San Marino,Michael  Schumacher ,Ferrari,1:28.547,MSC,SMR,43.9685,12.4813
Monaco,Mika  Hakkinen ,McLaren Mercedes,1:22.259,HAK,MON,43.7347,7.4206
Spain,Michael  Schumacher ,Ferrari,1:24.982,MSC,ESP,41.57,2.2615
Canada,Eddie  Irvine ,Ferrari,1:20.382,IRV,CAN,45.5049,-73.5262
France,David  Coulthard ,McLaren Mercedes,1:19.227,COU,FRA,43.2509,5.7901
Great Britain,Mika  Hakkinen ,McLaren Mercedes,1:28.309,HAK,GBR,52.0786,-1.0169
Austria,Mika  Hakkinen ,McLaren Mercedes,1:12.107,HAK,AUT,47.2197,14.7646
Germany,David  Coulthard ,McLaren Mercedes,1:45.270,COU,DEU,49.3276,8.5625
Hungary,David  Coulthard ,McLaren Mercedes,1:20.699,COU,HUN,47.5789,19.2486
Belgium,Mika  Hakkinen ,McLaren Mercedes,1:53.955,HAK,BEL,50.4372,5.9714
Italy,Ralf  Schumacher ,Williams Supertec,1:25.579,RSC,ITA,44.3406,11.7161
Europe,Mika  Hakkinen ,McLaren Mercedes,1:21.282,HAK,DEU,50.4336,6.9476
Malaysia,Heinz-Harald  Frentzen ,Jordan Mugen Honda,1:40.631,FRE,MAS,2.7606,101.7384
Japan,Michael  Schumacher ,Ferrari,1:41.319,MSC,JPN,34.8431,136.5416
Australia,Rubens  Barrichello ,Ferrari,1:31.481,BAR,AUS,-37.8497,144.968
Brazil,Michael  Schumacher ,Ferrari,1:14.755,MSC,BRA,-23.7036,-46.6997
San Marino,Mika  Hakkinen ,McLaren Mercedes,1:26.523,HAK,SMR,43.9685,12.4813
Great Britain,Mika  Hakkinen ,McLaren Mercedes,1:26.217,HAK,GBR,52.0786,-1.0169
Spain,Mika  Hakkinen ,McLaren Mercedes,1:24.470,HAK,ESP,41.57,2.2615
Europe,Michael  Schumacher ,Ferrari,1:22.269,MSC,DEU,50.4336,6.9476
Monaco,Mika  Hakkinen ,McLaren Mercedes,1:21.571,HAK,MON,43.7347,7.4206
Canada,Mika  Hakkinen ,McLaren Mercedes,1:19.049,HAK,CAN,45.5049,-73.5262
France,David  Coulthard ,McLaren Mercedes,1:19.479,COU,FRA,43.2509,5.7901
Austria,David  Coulthard ,McLaren Mercedes,1:11.783,COU,AUT,47.2197,14.7646
Germany,Rubens  Barrichello ,Ferrari,1:44.300,BAR,DEU,49.3276,8.5625
Hungary,Mika  Hakkinen ,McLaren Mercedes,1:20.028,HAK,HUN,47.5789,19.2486
Belgium,Rubens  Barrichello ,Ferrari,1:53.803,BAR,BEL,50.4372,5.9714
Italy,Mika  Hakkinen ,McLaren Mercedes,1:25.595,HAK,ITA,44.3406,11.7161
United States,David  Coulthard ,McLaren Mercedes,1:14.711,COU,USA,30.1328,-97.6411
Japan,Mika  Hakkinen ,McLaren Mercedes,1:39.189,HAK,JPN,34.8431,136.5416
Malaysia,Mika  Hakkinen ,McLaren Mercedes,1:38.543,HAK,MAS,2.7606,101.7384
Australia,Michael  Schumacher ,Ferrari,1:28.214,MSC,AUS,-37.8497,144.968
Malaysia,Mika  Hakkinen ,McLaren Mercedes,1:40.962,HAK,MAS,2.7606,101.7384
Brazil,Ralf  Schumacher ,Williams BMW,1:15.693,RSC,BRA,-23.7036,-46.6997
San Marino,Ralf  Schumacher ,Williams BMW,1:25.524,RSC,SMR,43.9685,12.4813
Spain,Michael  Schumacher ,Ferrari,1:21.151,MSC,ESP,41.57,2.2615
Austria,David  Coulthard ,McLaren Mercedes,1:10.843,COU,AUT,47.2197,14.7646
Monaco,David  Coulthard ,McLaren Mercedes,1:19.424,COU,MON,43.7347,7.4206
Canada,Ralf  Schumacher ,Williams BMW,1:17.205,RSC,CAN,45.5049,-73.5262
Europe,Juan Pablo  Montoya ,Williams BMW,1:18.354,MOY,DEU,50.4336,6.9476
France,David  Coulthard ,McLaren Mercedes,1:16.088,COU,FRA,43.2509,5.7901
Great Britain,Mika  Hakkinen ,McLaren Mercedes,1:23.405,HAK,GBR,52.0786,-1.0169
Germany,Juan Pablo  Montoya ,Williams BMW,1:41.808,MOY,DEU,49.3276,8.5625
Hungary,Mika  Hakkinen ,McLaren Mercedes,1:16.723,HAK,HUN,47.5789,19.2486
Belgium,Michael  Schumacher ,Ferrari,1:49.758,MSC,BEL,50.4372,5.9714
Italy,Ralf  Schumacher ,Williams BMW,1:25.073,RSC,ITA,44.3406,11.7161
United States,Juan Pablo  Montoya ,Williams BMW,1:14.448,MOY,USA,30.1328,-97.6411
Japan,Ralf  Schumacher ,Williams BMW,1:36.944,RSC,JPN,34.8431,136.5416
Australia,Kimi  RÃ¤ikkÃ¶nen ,McLaren Mercedes,1:28.541,RAI,AUS,-37.8497,144.968
Malaysia,Juan Pablo  Montoya ,Williams BMW,1:38.049,MOY,MAS,2.7606,101.7384
Brazil,Juan Pablo  Montoya ,Williams BMW,1:16.079,MOY,BRA,-23.7036,-46.6997
San Marino,Rubens  Barrichello ,Ferrari,1:24.170,BAR,SMR,43.9685,12.4813
Spain,Michael  Schumacher ,Ferrari,1:20.355,MSC,ESP,41.57,2.2615
Austria,Michael  Schumacher ,Ferrari,1:09.298,MSC,AUT,47.2197,14.7646
Monaco,Rubens  Barrichello ,Ferrari,1:18.023,BAR,MON,43.7347,7.4206
Canada,Juan Pablo  Montoya ,Williams BMW,1:15.960,MOY,CAN,45.5049,-73.5262
Europe,Michael  Schumacher ,Ferrari,1:32.226,MSC,DEU,50.4336,6.9476
Great Britain,Rubens  Barrichello ,Ferrari,1:23.083,BAR,GBR,52.0786,-1.0169
France,David  Coulthard ,McLaren Mercedes,1:15.045,COU,FRA,43.2509,5.7901
Germany,Michael  Schumacher ,Ferrari,1:16.462,MSC,DEU,49.3276,8.5625
Hungary,Michael  Schumacher ,Ferrari,1:16.207,MSC,HUN,47.5789,19.2486
Belgium,Michael  Schumacher ,Ferrari,1:47.176,MSC,BEL,50.4372,5.9714
Italy,Rubens  Barrichello ,Ferrari,1:23.657,BAR,ITA,44.3406,11.7161
United States,Rubens  Barrichello ,Ferrari,1:12.738,BAR,USA,30.1328,-97.6411
Japan,Michael  Schumacher ,Ferrari,1:36.125,MSC,JPN,34.8431,136.5416
Australia,Kimi  RÃ¤ikkÃ¶nen ,McLaren Mercedes,1:27.724,RAI,AUS,-37.8497,144.968
Malaysia,Michael  Schumacher ,Ferrari,1:36.412,MSC,MAS,2.7606,101.7384
Brazil,Rubens  Barrichello ,Ferrari,1:22.032,BAR,BRA,-23.7036,-46.6997
San Marino,Michael  Schumacher ,Ferrari,1:22.491,MSC,SMR,43.9685,12.4813
Spain,Rubens  Barrichello ,Ferrari,1:20.143,BAR,ESP,41.57,2.2615
Austria,Michael  Schumacher ,Ferrari,1:08.337,MSC,AUT,47.2197,14.7646
Monaco,Kimi  RÃ¤ikkÃ¶nen ,McLaren Mercedes,1:14.545,RAI,MON,43.7347,7.4206
Canada,Fernando  Alonso ,Renault,1:16.040,ALO,CAN,45.5049,-73.5262
Europe,Kimi  RÃ¤ikkÃ¶nen ,McLaren Mercedes,1:32.621,RAI,DEU,50.4336,6.9476
France,Juan Pablo  Montoya ,Williams BMW,1:15.512,MOY,FRA,43.2509,5.7901
Great Britain,Rubens  Barrichello ,Ferrari,1:22.236,BAR,GBR,52.0786,-1.0169
Germany,Juan Pablo  Montoya ,Williams BMW,1:14.917,MOY,DEU,49.3276,8.5625
Hungary,Juan Pablo  Montoya ,Williams BMW,1:22.095,MOY,HUN,47.5789,19.2486
Italy,Michael  Schumacher ,Ferrari,1:21.832,MSC,ITA,44.3406,11.7161
United States,Michael  Schumacher ,Ferrari,1:11.473,MSC,USA,30.1328,-97.6411
Japan,Ralf  Schumacher ,Williams BMW,1:33.408,RSC,JPN,34.8431,136.5416
Australia,Michael  Schumacher ,Ferrari,1:24.125,MSC,AUS,-37.8497,144.968
Malaysia,Juan Pablo  Montoya ,Williams BMW,1:34.223,MOY,MAS,2.7606,101.7384
Bahrain,Michael  Schumacher ,Ferrari,1:30.252,MSC,BHR,26.0325,50.5106
San Marino,Michael  Schumacher ,Ferrari,1:20.411,MSC,SMR,43.9685,12.4813
Spain,Michael  Schumacher ,Ferrari,1:17.450,MSC,ESP,41.57,2.2615
Monaco,Michael  Schumacher ,Ferrari,1:14.439,MSC,MON,43.7347,7.4206
Europe,Michael  Schumacher ,Ferrari,1:29.468,MSC,DEU,50.4336,6.9476
Canada,Rubens  Barrichello ,Ferrari,1:13.622,BAR,CAN,45.5049,-73.5262
United States,Rubens  Barrichello ,Ferrari,1:10.399,BAR,USA,30.1328,-97.6411
France,Michael  Schumacher ,Ferrari,1:15.377,MSC,FRA,43.2509,5.7901
Great Britain,Michael  Schumacher ,Ferrari,1:18.739,MSC,GBR,52.0786,-1.0169
Germany,Kimi  RÃ¤ikkÃ¶nen ,McLaren Mercedes,1:13.780,RAI,DEU,49.3276,8.5625
Hungary,Michael  Schumacher ,Ferrari,1:19.071,MSC,HUN,47.5789,19.2486
Belgium,Kimi  RÃ¤ikkÃ¶nen ,McLaren Mercedes,1:45.108,RAI,BEL,50.4372,5.9714
Italy,Rubens  Barrichello ,Ferrari,1:21.046,BAR,ITA,44.3406,11.7161
China,Michael  Schumacher ,Ferrari,1:32.238,MSC,CHN,31.3389,121.22
Japan,Rubens  Barrichello ,Ferrari,1:32.730,BAR,JPN,34.8431,136.5416
Brazil,Juan Pablo  Montoya ,Williams BMW,1:11.473,MOY,BRA,-23.7036,-46.6997
Australia,Fernando  Alonso ,Renault,1:25.683,ALO,AUS,-37.8497,144.968
Malaysia,Kimi  RÃ¤ikkÃ¶nen ,McLaren Mercedes,1:35.483,RAI,MAS,2.7606,101.7384
Bahrain,Pedro  de la Rosa ,McLaren Mercedes,1:31.447,DLR,BHR,26.0325,50.5106
San Marino,Michael  Schumacher ,Ferrari,1:21.858,MSC,SMR,43.9685,12.4813
Spain,Giancarlo  Fisichella ,Renault,1:15.641,FIS,ESP,41.57,2.2615
Monaco,Michael  Schumacher ,Ferrari,1:15.842,MSC,MON,43.7347,7.4206
Europe,Fernando  Alonso ,Renault,1:30.711,ALO,DEU,50.4336,6.9476
Canada,Kimi  RÃ¤ikkÃ¶nen ,McLaren Mercedes,1:14.384,RAI,CAN,45.5049,-73.5262
United States,Michael  Schumacher ,Ferrari,1:11.497,MSC,USA,30.1328,-97.6411
France,Kimi  RÃ¤ikkÃ¶nen ,McLaren Mercedes,1:16.423,RAI,FRA,43.2509,5.7901
Great Britain,Kimi  RÃ¤ikkÃ¶nen ,McLaren Mercedes,1:20.502,RAI,GBR,52.0786,-1.0169
Germany,Kimi  RÃ¤ikkÃ¶nen ,McLaren Mercedes,1:14.873,RAI,DEU,49.3276,8.5625
Hungary,Kimi  RÃ¤ikkÃ¶nen ,McLaren Mercedes,1:21.219,RAI,HUN,47.5789,19.2486
Turkey,Juan Pablo  Montoya ,McLaren Mercedes,1:24.770,MOY,TUR,40.9517,29.405
Italy,Kimi  RÃ¤ikkÃ¶nen ,McLaren Mercedes,1:21.504,RAI,ITA,44.3406,11.7161
Belgium,Ralf  Schumacher ,Toyota,1:51.453,RSC,BEL,50.4372,5.9714
Brazil,Kimi  RÃ¤ikkÃ¶nen ,McLaren Mercedes,1:12.268,RAI,BRA,-23.7036,-46.6997
Japan,Kimi  RÃ¤ikkÃ¶nen ,McLaren Mercedes,1:31.540,RAI,JPN,34.8431,136.5416
China,Kimi  RÃ¤ikkÃ¶nen ,McLaren Mercedes,1:33.242,RAI,CHN,31.3389,121.22
Bahrain,Nico  Rosberg ,Williams Cosworth,1:32.408,ROS,BHR,26.0325,50.5106
Malaysia,Fernando  Alonso ,Renault,1:34.803,ALO,MAS,2.7606,101.7384
Australia,Kimi  RÃ¤ikkÃ¶nen ,McLaren Mercedes,1:26.045,RAI,AUS,-37.8497,144.968
San Marino,Fernando  Alonso ,Renault,1:24.569,ALO,SMR,43.9685,12.4813
Europe,Michael  Schumacher ,Ferrari,1:32.099,MSC,DEU,50.4336,6.9476
Spain,Felipe  Massa ,Ferrari,1:16.648,MAS,ESP,41.57,2.2615
Monaco,Michael  Schumacher ,Ferrari,1:15.143,MSC,MON,43.7347,7.4206
Great Britain,Fernando  Alonso ,Renault,1:21.599,ALO,GBR,52.0786,-1.0169
Canada,Kimi  RÃ¤ikkÃ¶nen ,McLaren Mercedes,1:15.841,RAI,CAN,45.5049,-73.5262
United States,Michael  Schumacher ,Ferrari,1:12.719,MSC,USA,30.1328,-97.6411
France,Michael  Schumacher ,Ferrari,1:17.111,MSC,FRA,43.2509,5.7901
Germany,Michael  Schumacher ,Ferrari,1:16.357,MSC,DEU,49.3276,8.5625
Hungary,Felipe  Massa ,Ferrari,1:23.516,MAS,HUN,47.5789,19.2486
Turkey,Michael  Schumacher ,Ferrari,1:28.005,MSC,TUR,40.9517,29.405
Italy,Kimi  RÃ¤ikkÃ¶nen ,McLaren Mercedes,1:22.559,RAI,ITA,44.3406,11.7161
China,Fernando  Alonso ,Renault,1:37.586,ALO,CHN,31.3389,121.22
Japan,Fernando  Alonso ,Renault,1:32.676,ALO,JPN,34.8431,136.5416
Brazil,Michael  Schumacher ,Ferrari,1:12.162,MSC,BRA,-23.7036,-46.6997
Australia,Kimi  RÃ¤ikkÃ¶nen ,Ferrari,1:25.235,RAI,AUS,-37.8497,144.968
Malaysia,Lewis  Hamilton ,McLaren Mercedes,1:36.701,HAM,MAS,2.7606,101.7384
Bahrain,Felipe  Massa ,Ferrari,1:34.067,MAS,BHR,26.0325,50.5106
Spain,Felipe  Massa ,Ferrari,1:22.680,MAS,ESP,41.57,2.2615
Monaco,Fernando  Alonso ,McLaren Mercedes,1:15.284,ALO,MON,43.7347,7.4206
Canada,Fernando  Alonso ,McLaren Mercedes,1:16.367,ALO,CAN,45.5049,-73.5262
United States,Kimi  RÃ¤ikkÃ¶nen ,Ferrari,1:13.117,RAI,USA,30.1328,-97.6411
France,Felipe  Massa ,Ferrari,1:16.099,MAS,FRA,43.2509,5.7901
Great Britain,Kimi  RÃ¤ikkÃ¶nen ,Ferrari,1:20.638,RAI,GBR,52.0786,-1.0169
Europe,Felipe  Massa ,Ferrari,1:32.853,MAS,DEU,50.4336,6.9476
Hungary,Kimi  RÃ¤ikkÃ¶nen ,Ferrari,1:20.047,RAI,HUN,47.5789,19.2486
Turkey,Kimi  RÃ¤ikkÃ¶nen ,Ferrari,1:27.295,RAI,TUR,40.9517,29.405
Italy,Fernando  Alonso ,McLaren Mercedes,1:22.871,ALO,ITA,44.3406,11.7161
Belgium,Felipe  Massa ,Ferrari,1:48.036,MAS,BEL,50.4372,5.9714
Japan,Lewis  Hamilton ,McLaren Mercedes,1:28.193,HAM,JPN,34.8431,136.5416
China,Felipe  Massa ,Ferrari,1:37.454,MAS,CHN,31.3389,121.22
Brazil,Kimi  RÃ¤ikkÃ¶nen ,Ferrari,1:12.445,RAI,BRA,-23.7036,-46.6997
Australia,Heikki  Kovalainen ,McLaren Mercedes,1:27.418,KOV,AUS,-37.8497,144.968
Malaysia,Nick  Heidfeld ,Sauber BMW,1:35.366,HEI,MAS,2.7606,101.7384
Bahrain,Heikki  Kovalainen ,McLaren Mercedes,1:33.193,KOV,BHR,26.0325,50.5106
Spain,Kimi  RÃ¤ikkÃ¶nen ,Ferrari,1:21.670,RAI,ESP,41.57,2.2615
Turkey,Kimi  RÃ¤ikkÃ¶nen ,Ferrari,1:26.506,RAI,TUR,40.9517,29.405
Monaco,Kimi  RÃ¤ikkÃ¶nen ,Ferrari,1:16.689,RAI,MON,43.7347,7.4206
Canada,Kimi  RÃ¤ikkÃ¶nen ,Ferrari,1:17.387,RAI,CAN,45.5049,-73.5262
France,Kimi  RÃ¤ikkÃ¶nen ,Ferrari,1:16.630,RAI,FRA,43.2509,5.7901
Great Britain,Kimi  RÃ¤ikkÃ¶nen ,Ferrari,1:32.150,RAI,GBR,52.0786,-1.0169
Germany,Nick  Heidfeld ,Sauber BMW,1:15.987,HEI,DEU,49.3276,8.5625
Hungary,Kimi  RÃ¤ikkÃ¶nen ,Ferrari,1:21.195,RAI,HUN,47.5789,19.2486
Europe,Felipe  Massa ,Ferrari,1:38.708,MAS,DEU,50.4336,6.9476
Belgium,Kimi  RÃ¤ikkÃ¶nen ,Ferrari,1:47.930,RAI,BEL,50.4372,5.9714
Italy,Kimi  RÃ¤ikkÃ¶nen ,Ferrari,1:28.047,RAI,ITA,44.3406,11.7161
Singapore,Kimi  RÃ¤ikkÃ¶nen ,Ferrari,1:45.599,RAI,SGP,1.2916,103.8644
Japan,Felipe  Massa ,Ferrari,1:18.426,MAS,JPN,34.8431,136.5416
China,Lewis  Hamilton ,McLaren Mercedes,1:36.325,HAM,CHN,31.3389,121.22
Brazil,Felipe  Massa ,Ferrari,1:13.736,MAS,BRA,-23.7036,-46.6997
Australia,Nico  Rosberg ,Williams Toyota,1:27.706,ROS,AUS,-37.8497,144.968
Malaysia,Jenson  Button ,Brawn Mercedes,1:36.641,BUT,MAS,2.7606,101.7384
China,Rubens  Barrichello ,Brawn Mercedes,1:52.592,BAR,CHN,31.3389,121.22
Bahrain,Jarno  Trulli ,Toyota,1:34.556,TRU,BHR,26.0325,50.5106
Spain,Rubens  Barrichello ,Brawn Mercedes,1:22.762,BAR,ESP,41.57,2.2615
Monaco,Felipe  Massa ,Ferrari,1:15.154,MAS,MON,43.7347,7.4206
Turkey,Jenson  Button ,Brawn Mercedes,1:27.579,BUT,TUR,40.9517,29.405
Great Britain,Sebastian  Vettel ,RBR Renault,1:20.735,VET,GBR,52.0786,-1.0169
Germany,Fernando  Alonso ,Renault,1:33.365,ALO,DEU,49.3276,8.5625
Hungary,Mark  Webber ,RBR Renault,1:21.931,WEB,HUN,47.5789,19.2486
Europe,Timo  Glock ,Toyota,1:38.683,GLO,DEU,50.4336,6.9476
Belgium,Sebastian  Vettel ,RBR Renault,1:47.263,VET,BEL,50.4372,5.9714
Italy,Adrian  Sutil ,Force India Mercedes,1:24.739,SUT,ITA,44.3406,11.7161
Singapore,Fernando  Alonso ,Renault,1:48.240,ALO,SGP,1.2916,103.8644
Japan,Mark  Webber ,RBR Renault,1:32.569,WEB,JPN,34.8431,136.5416
Brazil,Mark  Webber ,RBR Renault,1:13.733,WEB,BRA,-23.7036,-46.6997
Abu Dhabi,Sebastian  Vettel ,RBR Renault,1:40.279,VET,ARE,24.4672,54.6031
Bahrain,Fernando  Alonso ,Ferrari,1:58.287,ALO,BHR,26.0325,50.5106
Australia,Mark  Webber ,RBR Renault,1:28.358,WEB,AUS,-37.8497,144.968
Malaysia,Mark  Webber ,RBR Renault,1:37.054,WEB,MAS,2.7606,101.7384
China,Lewis  Hamilton ,McLaren Mercedes,1:42.061,HAM,CHN,31.3389,121.22
Spain,Lewis  Hamilton ,McLaren Mercedes,1:24.357,HAM,ESP,41.57,2.2615
Monaco,Sebastian  Vettel ,RBR Renault,1:15.192,VET,MON,43.7347,7.4206
Turkey,Vitaly  Petrov ,Renault,1:29.165,PET,TUR,40.9517,29.405
Canada,Robert  Kubica ,Renault,1:16.972,KUB,CAN,45.5049,-73.5262
Europe,Jenson  Button ,McLaren Mercedes,1:38.766,BUT,DEU,50.4336,6.9476
Great Britain,Fernando  Alonso ,Ferrari,1:30.874,ALO,GBR,52.0786,-1.0169
Germany,Sebastian  Vettel ,RBR Renault,1:15.824,VET,DEU,49.3276,8.5625
Hungary,Sebastian  Vettel ,RBR Renault,1:22.362,VET,HUN,47.5789,19.2486
Belgium,Lewis  Hamilton ,McLaren Mercedes,1:49.069,HAM,BEL,50.4372,5.9714
Italy,Fernando  Alonso ,Ferrari,1:24.139,ALO,ITA,44.3406,11.7161
Singapore,Fernando  Alonso ,Ferrari,1:47.976,ALO,SGP,1.2916,103.8644
Japan,Mark  Webber ,RBR Renault,1:33.474,WEB,JPN,34.8431,136.5416
South Korea,Fernando  Alonso ,Ferrari,1:50.257,ALO,KOR,37.8043,126.2485
Brazil,Lewis  Hamilton ,McLaren Mercedes,1:13.851,HAM,BRA,-23.7036,-46.6997
Abu Dhabi,Lewis  Hamilton ,McLaren Mercedes,1:41.274,HAM,ARE,24.4672,54.6031
Australia,Felipe  Massa ,Ferrari,1:28.947,MAS,AUS,-37.8497,144.968
Malaysia,Mark  Webber ,Red Bull Racing Renault,1:40.571,WEB,MAS,2.7606,101.7384
China,Mark  Webber ,Red Bull Racing Renault,1:38.993,WEB,CHN,31.3389,121.22
Turkey,Mark  Webber ,Red Bull Racing Renault,1:29.703,WEB,TUR,40.9517,29.405
Spain,Lewis  Hamilton ,McLaren Mercedes,1:26.727,HAM,ESP,41.57,2.2615
Monaco,Mark  Webber ,Red Bull Racing Renault,1:16.234,WEB,MON,43.7347,7.4206
Canada,Jenson  Button ,McLaren Mercedes,1:16.956,BUT,CAN,45.5049,-73.5262
Europe,Sebastian  Vettel ,Red Bull Racing Renault,1:41.852,VET,DEU,50.4336,6.9476
Great Britain,Fernando  Alonso ,Ferrari,1:34.908,ALO,GBR,52.0786,-1.0169
Germany,Lewis  Hamilton ,McLaren Mercedes,1:34.302,HAM,DEU,49.3276,8.5625
Hungary,Felipe  Massa ,Ferrari,1:23.415,MAS,HUN,47.5789,19.2486
Belgium,Mark  Webber ,Red Bull Racing Renault,1:49.883,WEB,BEL,50.4372,5.9714
Italy,Lewis  Hamilton ,McLaren Mercedes,1:26.187,HAM,ITA,44.3406,11.7161
Singapore,Jenson  Button ,McLaren Mercedes,1:48.454,BUT,SGP,1.2916,103.8644
Japan,Jenson  Button ,McLaren Mercedes,1:36.568,BUT,JPN,34.8431,136.5416
South Korea,Sebastian  Vettel ,Red Bull Racing Renault,1:39.605,VET,KOR,37.8043,126.2485
India,Sebastian  Vettel ,Red Bull Racing Renault,1:27.249,VET,IND,28.3486,77.535
Abu Dhabi,Mark  Webber ,Red Bull Racing Renault,1:42.612,WEB,ARE,24.4672,54.6031
Brazil,Mark  Webber ,Red Bull Racing Renault,1:15.324,WEB,BRA,-23.7036,-46.6997
Australia,Jenson  Button ,McLaren Mercedes,1:29.187,BUT,AUS,-37.8497,144.968
Malaysia,Kimi  RÃ¤ikkÃ¶nen ,Lotus Renault,1:40.722,RAI,MAS,2.7606,101.7384
China,Kamui  Kobayashi ,Sauber Ferrari,1:39.960,KOB,CHN,31.3389,121.22
Bahrain,Sebastian  Vettel ,Red Bull Racing Renault,1:36.379,VET,BHR,26.0325,50.5106
Spain,Romain  Grosjean ,Lotus Renault,1:26.250,GRO,ESP,41.57,2.2615
Monaco,Sergio  Perez ,Sauber Ferrari,1:17.296,PER,MON,43.7347,7.4206
Canada,Sebastian  Vettel ,Red Bull Racing Renault,1:15.752,VET,CAN,45.5049,-73.5262
Europe,Nico  Rosberg ,Mercedes,1:42.163,ROS,DEU,50.4336,6.9476
Great Britain,Kimi  RÃ¤ikkÃ¶nen ,Lotus Renault,1:34.661,RAI,GBR,52.0786,-1.0169
Germany,Michael  Schumacher ,Mercedes,1:18.725,MSC,DEU,49.3276,8.5625
Hungary,Sebastian  Vettel ,Red Bull Racing Renault,1:24.136,VET,HUN,47.5789,19.2486
Belgium,Bruno  Senna ,Williams Renault,1:52.822,SEN,BEL,50.4372,5.9714
Italy,Nico  Rosberg ,Mercedes,1:27.239,ROS,ITA,44.3406,11.7161
Singapore,Nico  Hulkenberg ,Force India Mercedes,1:51.033,HUL,SGP,1.2916,103.8644
Japan,Sebastian  Vettel ,Red Bull Racing Renault,1:35.774,VET,JPN,34.8431,136.5416
South Korea,Mark  Webber ,Red Bull Racing Renault,1:42.037,WEB,KOR,37.8043,126.2485
India,Jenson  Button ,McLaren Mercedes,1:28.203,BUT,IND,28.3486,77.535
Abu Dhabi,Sebastian  Vettel ,Red Bull Racing Renault,1:43.964,VET,ARE,24.4672,54.6031
United States,Sebastian  Vettel ,Red Bull Racing Renault,1:39.347,VET,USA,30.1328,-97.6411
Brazil,Lewis  Hamilton ,McLaren Mercedes,1:18.069,HAM,BRA,-23.7036,-46.6997
Australia,Kimi  RÃ¤ikkÃ¶nen ,Lotus Renault,1:29.274,RAI,AUS,-37.8497,144.968
Malaysia,Sergio  Perez ,McLaren Mercedes,1:39.199,PER,MAS,2.7606,101.7384
China,Sebastian  Vettel ,Red Bull Racing Renault,1:36.808,VET,CHN,31.3389,121.22
Bahrain,Sebastian  Vettel ,Red Bull Racing Renault,1:36.961,VET,BHR,26.0325,50.5106
Spain,Esteban  Gutierrez,Sauber Ferrari,1:26.217,GUT,ESP,41.57,2.2615
Monaco,Sebastian  Vettel ,Red Bull Racing Renault,1:16.577,VET,MON,43.7347,7.4206
Canada,Mark  Webber ,Red Bull Racing Renault,1:16.182,WEB,CAN,45.5049,-73.5262
Great Britain,Mark  Webber ,Red Bull Racing Renault,1:33.401,WEB,GBR,52.0786,-1.0169
Germany,Fernando  Alonso ,Ferrari,1:33.468,ALO,DEU,49.3276,8.5625
Hungary,Mark  Webber ,Red Bull Racing Renault,1:24.069,WEB,HUN,47.5789,19.2486
Belgium,Sebastian  Vettel ,Red Bull Racing Renault,1:50.756,VET,BEL,50.4372,5.9714
Italy,Lewis  Hamilton ,Mercedes,1:25.849,HAM,ITA,44.3406,11.7161
Singapore,Sebastian  Vettel ,Red Bull Racing Renault,1:48.574,VET,SGP,1.2916,103.8644
South Korea,Sebastian  Vettel ,Red Bull Racing Renault,1:41.380,VET,KOR,37.8043,126.2485
Japan,Mark  Webber ,Red Bull Racing Renault,1:34.587,WEB,JPN,34.8431,136.5416
India,Kimi  RÃ¤ikkÃ¶nen ,Lotus Renault,1:27.679,RAI,IND,28.3486,77.535
Abu Dhabi,Fernando  Alonso ,Ferrari,1:43.434,ALO,ARE,24.4672,54.6031
United States,Sebastian  Vettel ,Red Bull Racing Renault,1:39.856,VET,USA,30.1328,-97.6411
Brazil,Mark  Webber ,Red Bull Racing Renault,1:15.436,WEB,BRA,-23.7036,-46.6997
Australia,Nico  Rosberg ,Mercedes,1:32.478,ROS,AUS,-37.8497,144.968
Malaysia,Lewis  Hamilton ,Mercedes,1:43.066,HAM,MAS,2.7606,101.7384
Bahrain,Nico  Rosberg ,Mercedes,1:37.020,ROS,BHR,26.0325,50.5106
China,Nico  Rosberg ,Mercedes,1:40.402,ROS,CHN,31.3389,121.22
Spain,Sebastian  Vettel ,Red Bull Racing Renault,1:28.918,VET,ESP,41.57,2.2615
Monaco,Kimi  RÃ¤ikkÃ¶nen ,Ferrari,1:18.479,RAI,MON,43.7347,7.4206
Canada,Felipe  Massa ,Williams Mercedes,1:18.504,MAS,CAN,45.5049,-73.5262
Austria,Sergio  Perez ,Force India Mercedes,1:12.142,PER,AUT,47.2197,14.7646
Great Britain,Lewis  Hamilton ,Mercedes,1:37.176,HAM,GBR,52.0786,-1.0169
Germany,Lewis  Hamilton ,Mercedes,1:19.908,HAM,DEU,49.3276,8.5625
Hungary,Nico  Rosberg ,Mercedes,1:25.724,ROS,HUN,47.5789,19.2486
Belgium,Nico  Rosberg ,Mercedes,1:50.511,ROS,BEL,50.4372,5.9714
Italy,Lewis  Hamilton ,Mercedes,1:28.004,HAM,ITA,44.3406,11.7161
Singapore,Lewis  Hamilton ,Mercedes,1:50.417,HAM,SGP,1.2916,103.8644
Japan,Lewis  Hamilton ,Mercedes,1:51.600,HAM,JPN,34.8431,136.5416
Russia,Valtteri  Bottas ,Williams Mercedes,1:40.896,BOT,RUS,43.4053,39.9553
United States,Sebastian  Vettel ,Red Bull Racing Renault,1:41.379,VET,USA,30.1328,-97.6411
Brazil,Lewis  Hamilton ,Mercedes,1:13.555,HAM,BRA,-23.7036,-46.6997
Abu Dhabi,Daniel  Ricciardo ,Red Bull Racing Renault,1:44.496,RIC,ARE,24.4672,54.6031
Australia,Lewis  Hamilton ,Mercedes,1:30.945,HAM,AUS,-37.8497,144.968
Malaysia,Nico  Rosberg ,Mercedes,1:42.062,ROS,MAS,2.7606,101.7384
China,Lewis  Hamilton ,Mercedes,1:42.208,HAM,CHN,31.3389,121.22
Bahrain,Kimi  RÃ¤ikkÃ¶nen ,Ferrari,1:36.311,RAI,BHR,26.0325,50.5106
Spain,Lewis  Hamilton ,Mercedes,1:28.270,HAM,ESP,41.57,2.2615
Monaco,Daniel  Ricciardo ,Red Bull Racing Renault,1:18.063,RIC,MON,43.7347,7.4206
Canada,Kimi  RÃ¤ikkÃ¶nen ,Ferrari,1:16.987,RAI,CAN,45.5049,-73.5262
Austria,Nico  Rosberg ,Mercedes,1:11.235,ROS,AUT,47.2197,14.7646
Great Britain,Lewis  Hamilton ,Mercedes,1:37.093,HAM,GBR,52.0786,-1.0169
Hungary,Daniel  Ricciardo ,Red Bull Racing Renault,1:24.821,RIC,HUN,47.5789,19.2486
Belgium,Nico  Rosberg ,Mercedes,1:52.416,ROS,BEL,50.4372,5.9714
Italy,Lewis  Hamilton ,Mercedes,1:26.672,HAM,ITA,44.3406,11.7161
Singapore,Daniel  Ricciardo ,Red Bull Racing Renault,1:50.041,RIC,SGP,1.2916,103.8644
Japan,Lewis  Hamilton ,Mercedes,1:36.145,HAM,JPN,34.8431,136.5416
Russia,Sebastian  Vettel ,Ferrari,1:40.071,VET,RUS,43.4053,39.9553
United States,Nico  Rosberg ,Mercedes,1:40.666,ROS,USA,30.1328,-97.6411
Mexico,Nico  Rosberg ,Mercedes,1:20.521,ROS,MEX,19.4042,-99.0907
Brazil,Lewis  Hamilton ,Mercedes,1:14.832,HAM,BRA,-23.7036,-46.6997
Abu Dhabi,Lewis  Hamilton ,Mercedes,1:44.517,HAM,ARE,24.4672,54.6031
Australia,Daniel  Ricciardo ,Red Bull Racing TAG Heuer,1:28.997,RIC,AUS,-37.8497,144.968
Bahrain,Nico  Rosberg ,Mercedes,1:34.482,ROS,BHR,26.0325,50.5106
China,Nico  Hulkenberg ,Force India Mercedes,1:39.824,HUL,CHN,31.3389,121.22
Russia,Nico  Rosberg ,Mercedes,1:39.094,ROS,RUS,43.4053,39.9553
Spain,Daniil  Kvyat ,Toro Rosso Ferrari,1:26.948,KVY,ESP,41.57,2.2615
Monaco,Lewis  Hamilton ,Mercedes,1:17.939,HAM,MON,43.7347,7.4206
Canada,Nico  Rosberg ,Mercedes,1:15.599,ROS,CAN,45.5049,-73.5262
Europe,Nico  Rosberg ,Mercedes,1:46.485,ROS,DEU,50.4336,6.9476
Austria,Lewis  Hamilton ,Mercedes,1:08.411,HAM,AUT,47.2197,14.7646
Great Britain,Nico  Rosberg ,Mercedes,1:35.548,ROS,GBR,52.0786,-1.0169
Hungary,Kimi  RÃ¤ikkÃ¶nen ,Ferrari,1:23.086,RAI,HUN,47.5789,19.2486
Germany,Daniel  Ricciardo ,Red Bull Racing TAG Heuer,1:18.442,RIC,DEU,49.3276,8.5625
Belgium,Lewis  Hamilton ,Mercedes,1:51.583,HAM,BEL,50.4372,5.9714
Italy,Fernando  Alonso ,McLaren Honda,1:25.340,ALO,ITA,44.3406,11.7161
Singapore,Daniel  Ricciardo ,Red Bull Racing TAG Heuer,1:47.187,RIC,SGP,1.2916,103.8644
Malaysia,Nico  Rosberg ,Mercedes,1:36.424,ROS,MAS,2.7606,101.7384
Japan,Sebastian  Vettel ,Ferrari,1:35.118,VET,JPN,34.8431,136.5416
United States,Sebastian  Vettel ,Ferrari,1:39.877,VET,USA,30.1328,-97.6411
Mexico,Daniel  Ricciardo ,Red Bull Racing TAG Heuer,1:21.134,RIC,MEX,19.4042,-99.0907
Brazil,Max  Verstappen ,Red Bull Racing TAG Heuer,1:25.305,VER,BRA,-23.7036,-46.6997
Abu Dhabi,Sebastian  Vettel ,Ferrari,1:43.729,VET,ARE,24.4672,54.6031
Australia,Kimi  RÃ¤ikkÃ¶nen ,Ferrari,1:26.538,RAI,AUS,-37.8497,144.968
China,Lewis  Hamilton ,Mercedes,1:35.378,HAM,CHN,31.3389,121.22
Bahrain,Lewis  Hamilton ,Mercedes,1:32.798,HAM,BHR,26.0325,50.5106
Russia,Kimi  RÃ¤ikkÃ¶nen ,Ferrari,1:36.844,RAI,RUS,43.4053,39.9553
Spain,Lewis  Hamilton ,Mercedes,1:23.593,HAM,ESP,41.57,2.2615
Monaco,Sergio  Perez ,Force India Mercedes,1:14.820,PER,MON,43.7347,7.4206
Canada,Lewis  Hamilton ,Mercedes,1:14.551,HAM,CAN,45.5049,-73.5262
Azerbaijan,Sebastian  Vettel ,Ferrari,1:43.441,VET,AZE,40.3725,49.8532
Austria,Lewis  Hamilton ,Mercedes,1:07.411,HAM,AUT,47.2197,14.7646
Great Britain,Lewis  Hamilton ,Mercedes,1:30.621,HAM,GBR,52.0786,-1.0169
Hungary,Fernando  Alonso ,McLaren Honda,1:20.182,ALO,HUN,47.5789,19.2486
Belgium,Sebastian  Vettel ,Ferrari,1:46.577,VET,BEL,50.4372,5.9714
Italy,Daniel  Ricciardo ,Red Bull Racing TAG Heuer,1:23.361,RIC,ITA,44.3406,11.7161
Singapore,Lewis  Hamilton ,Mercedes,1:45.008,HAM,SGP,1.2916,103.8644
Malaysia,Sebastian  Vettel ,Ferrari,1:34.080,VET,MAS,2.7606,101.7384
Japan,Valtteri  Bottas ,Mercedes,1:33.144,BOT,JPN,34.8431,136.5416
United States,Sebastian  Vettel ,Ferrari,1:37.766,VET,USA,30.1328,-97.6411
Mexico,Sebastian  Vettel ,Ferrari,1:18.785,VET,MEX,19.4042,-99.0907
Brazil,Max  Verstappen ,Red Bull Racing TAG Heuer,1:11.044,VER,BRA,-23.7036,-46.6997
Abu Dhabi,Valtteri  Bottas ,Mercedes,1:40.650,BOT,ARE,24.4672,54.6031
Australia,Daniel  Ricciardo ,Red Bull Racing TAG Heuer,1:25.945,RIC,AUS,-37.8497,144.968
Bahrain,Valtteri  Bottas ,Mercedes,1:33.740,BOT,BHR,26.0325,50.5106
China,Daniel  Ricciardo ,Red Bull Racing TAG Heuer,1:35.785,RIC,CHN,31.3389,121.22
Azerbaijan,Valtteri  Bottas ,Mercedes,1:45.149,BOT,AZE,40.3725,49.8532
Spain,Daniel  Ricciardo ,Red Bull Racing TAG Heuer,1:18.441,RIC,ESP,41.57,2.2615
Monaco,Max  Verstappen ,Red Bull Racing TAG Heuer,1:14.260,VER,MON,43.7347,7.4206
Canada,Max  Verstappen ,Red Bull Racing TAG Heuer,1:13.864,VER,CAN,45.5049,-73.5262
France,Valtteri  Bottas ,Mercedes,1:34.225,BOT,FRA,43.2509,5.7901
Austria,Kimi  RÃ¤ikkÃ¶nen ,Ferrari,1:06.957,RAI,AUT,47.2197,14.7646
Great Britain,Sebastian  Vettel ,Ferrari,1:30.696,VET,GBR,52.0786,-1.0169
Germany,Lewis  Hamilton ,Mercedes,1:15.545,HAM,DEU,49.3276,8.5625
Hungary,Daniel  Ricciardo ,Red Bull Racing TAG Heuer,1:20.012,RIC,HUN,47.5789,19.2486
Belgium,Valtteri  Bottas ,Mercedes,1:46.286,BOT,BEL,50.4372,5.9714
Italy,Lewis  Hamilton ,Mercedes,1:22.497,HAM,ITA,44.3406,11.7161
Singapore,Kevin  Magnussen ,Haas Ferrari,1:41.905,MAG,SGP,1.2916,103.8644
Russia,Valtteri  Bottas ,Mercedes,1:35.861,BOT,RUS,43.4053,39.9553
Japan,Sebastian  Vettel ,Ferrari,1:32.318,VET,JPN,34.8431,136.5416
United States,Lewis  Hamilton ,Mercedes,1:37.392,HAM,USA,30.1328,-97.6411
Mexico,Valtteri  Bottas ,Mercedes,1:18.741,BOT,MEX,19.4042,-99.0907
Brazil,Valtteri  Bottas ,Mercedes,1:10.540,BOT,BRA,-23.7036,-46.6997
Abu Dhabi,Sebastian  Vettel ,Ferrari,1:40.867,VET,ARE,24.4672,54.6031
Australia,Valtteri  Bottas ,Mercedes,1:25.580,BOT,AUS,-37.8497,144.968
Bahrain,Charles  Leclerc ,Ferrari,1:33.411,LEC,BHR,26.0325,50.5106
China,Pierre  Gasly ,Red Bull Racing Honda,1:34.742,GAS,CHN,31.3389,121.22
Azerbaijan,Charles  Leclerc ,Ferrari,1:43.009,LEC,AZE,40.3725,49.8532
Spain,Lewis  Hamilton ,Mercedes,1:18.492,HAM,ESP,41.57,2.2615
Monaco,Pierre  Gasly ,Red Bull Racing Honda,1:14.279,GAS,MON,43.7347,7.4206
Canada,Valtteri  Bottas ,Mercedes,1:13.078,BOT,CAN,45.5049,-73.5262
France,Sebastian  Vettel ,Ferrari,1:32.740,VET,FRA,43.2509,5.7901
Austria,Max  Verstappen ,Red Bull Racing Honda,1:07.475,VER,AUT,47.2197,14.7646
Great Britain,Lewis  Hamilton ,Mercedes,1:27.369,HAM,GBR,52.0786,-1.0169
Germany,Max  Verstappen ,Red Bull Racing Honda,1:16.645,VER,DEU,49.3276,8.5625
Hungary,Max  Verstappen ,Red Bull Racing Honda,1:17.103,VER,HUN,47.5789,19.2486
Belgium,Sebastian  Vettel ,Ferrari,1:46.409,VET,BEL,50.4372,5.9714
Italy,Lewis  Hamilton ,Mercedes,1:21.779,HAM,ITA,44.3406,11.7161
Singapore,Kevin  Magnussen ,Haas Ferrari,1:42.301,MAG,SGP,1.2916,103.8644
Russia,Lewis  Hamilton ,Mercedes,1:35.761,HAM,RUS,43.4053,39.9553
Japan,Lewis  Hamilton ,Mercedes,1:30.983,HAM,JPN,34.8431,136.5416
Mexico,Charles  Leclerc ,Ferrari,1:19.232,LEC,MEX,19.4042,-99.0907
United States,Charles  Leclerc ,Ferrari,1:36.169,LEC,USA,30.1328,-97.6411
Brazil,Valtteri  Bottas ,Mercedes,1:10.698,BOT,BRA,-23.7036,-46.6997
Abu Dhabi,Lewis  Hamilton ,Mercedes,1:39.283,HAM,ARE,24.4672,54.6031
Austria,Lando  Norris ,McLaren Renault,1:07.475,NOR,AUT,47.2197,14.7646
Styria,Carlos  Sainz ,McLaren Renault,1:05.619,SAI,AUT,47.2197,14.7646
Hungary,Lewis  Hamilton ,Mercedes,1:16.627,HAM,HUN,47.5789,19.2486
Great Britain,Max  Verstappen ,Red Bull Racing Honda,1:27.097,VER,GBR,52.0786,-1.0169
70th Anniversary,Lewis  Hamilton ,Mercedes,1:28.451,HAM,GBR,52.0786,-1.0169
Spain,Valtteri  Bottas ,Mercedes,1:18.183,BOT,ESP,41.57,2.2615
Belgium,Daniel  Ricciardo ,Renault,1:47.483,RIC,BEL,50.4372,5.9714
Italy,Lewis  Hamilton ,Mercedes,1:22.746,HAM,ITA,44.3406,11.7161
Tuscany,Lewis  Hamilton ,Mercedes,1:18.833,HAM,ITA,43.3667,11.3069
Russia,Valtteri  Bottas ,Mercedes,1:37.030,BOT,RUS,43.4053,39.9553
Eifel,Max  Verstappen ,Red Bull Racing Honda,1:28.139,VER,DEU,50.3354,6.9476
Portugal,Lewis  Hamilton ,Mercedes,1:18.750,HAM,POR,37.227,-8.6281
Emilia Romagna,Lewis  Hamilton ,Mercedes,1:15.484,HAM,ITA,44.3395,11.7161
Turkey,Lando  Norris ,McLaren Renault,1:36.806,NOR,TUR,40.9517,29.405
Bahrain,Max  Verstappen ,Red Bull Racing Honda,1:32.014,VER,BHR,26.0325,50.5106
Sakhir,George  Russell ,Mercedes,55.404,RUS,BHR,32.953941,65.540016
Abu Dhabi,Daniel  Ricciardo ,Renault,1:40.926,RIC,ARE,24.4672,54.6031
Bahrain,Valtteri  Bottas ,Mercedes,1:32.090,BOT,BHR,26.0325,50.5106
Emilia Romagna,Lewis  Hamilton ,Mercedes,1:16.702,HAM,ITA,44.3395,11.7161
Portugal,Valtteri  Bottas ,Mercedes,1:19.865,BOT,POR,37.227,-8.6281
Spain,Max  Verstappen ,Red Bull Racing Honda,1:18.149,VER,ESP,41.57,2.2615
Monaco,Lewis  Hamilton ,Mercedes,1:12.909,HAM,MON,43.7347,7.4206
Azerbaijan,Max  Verstappen ,Red Bull Racing Honda,1:44.481,VER,AZE,40.3725,49.8532
France,Max  Verstappen ,Red Bull Racing Honda,1:36.404,VER,FRA,43.2509,5.7901
Styria,Lewis  Hamilton ,Mercedes,1:07.058,HAM,AUT,47.2197,14.7646
Austria,Max  Verstappen ,Red Bull Racing Honda,1:06.200,VER,AUT,47.2197,14.7646
Great Britain,Sergio  Perez ,Red Bull Racing Honda,1:28.617,PER,GBR,52.0786,-1.0169
Hungary,Pierre  Gasly ,AlphaTauri Honda,1:18.394,GAS,HUN,47.5789,19.2486
Netherlands,Lewis  Hamilton ,Mercedes,1:11.097,HAM,NED,52.3888,4.5409
Italy,Daniel  Ricciardo ,McLaren Mercedes,1:24.812,RIC,ITA,44.3406,11.7161
Russia,Lando  Norris ,McLaren Mercedes,1:37.423,NOR,RUS,43.4053,39.9553
Turkey,Valtteri  Bottas ,Mercedes,1:30.432,BOT,TUR,40.9517,29.405
United States,Lewis  Hamilton ,Mercedes,1:38.485,HAM,USA,30.1328,-97.6411
Mexico,Valtteri  Bottas ,Mercedes,1:17.774,BOT,MEX,19.4042,-99.0907
Brazil,Sergio  Perez ,Red Bull Racing Honda,1:11.010,PER,BRA,-23.7036,-46.6997
Qatar,Max  Verstappen ,Red Bull Racing Honda,1:23.196,VER,QAT,25.49,51.4536
Saudi Arabia,Lewis  Hamilton ,Mercedes,1:30.734,HAM,SAU,21.4858,39.1925
Abu Dhabi,Max  Verstappen ,Red Bull Racing Honda,1:26.103,VER,ARE,24.4672,54.6031
Bahrain,Charles  Leclerc ,Ferrari,1:34.570,LEC,BHR,26.0325,50.5106
Saudi Arabia,Charles  Leclerc ,Ferrari,1:31.634,LEC,SAU,21.4858,39.1925
Australia,Charles  Leclerc ,Ferrari,1:20.260,LEC,AUS,-37.8497,144.968
Emilia Romagna,Max  Verstappen ,Red Bull Racing RBPT,1:18.446,VER,ITA,44.3395,11.7161
Miami,Max  Verstappen ,Red Bull Racing RBPT,1:31.361,VER,USA,25.7751,-80.2105
Spain,Sergio  Perez ,Red Bull Racing RBPT,1:24.108,PER,ESP,41.57,2.2615
Monaco,Lando  Norris ,McLaren Mercedes,1:14.693,NOR,MON,43.7347,7.4206
Azerbaijan,Sergio  Perez ,Red Bull Racing RBPT,1:46.046,PER,AZE,40.3725,49.8532
Canada,Carlos  Sainz ,Ferrari,1:15.749,SAI,CAN,45.5049,-73.5262
Great Britain,Lewis  Hamilton ,Mercedes,1:30.510,HAM,GBR,52.0786,-1.0169
Austria,Max  Verstappen ,Red Bull Racing RBPT,1:07.275,VER,AUT,47.2197,14.7646
France,Carlos  Sainz ,Ferrari,1:35.781,SAI,FRA,43.2509,5.7901
Hungary,Lewis  Hamilton ,Mercedes,1:21.386,HAM,HUN,47.5789,19.2486
Belgium,Max  Verstappen ,Red Bull Racing RBPT,1:49.354,VER,BEL,50.4372,5.9714
Netherlands,Max  Verstappen ,Red Bull Racing RBPT,1:13.652,VER,NED,52.3888,4.5409
Italy,Sergio  Perez ,Red Bull Racing RBPT,1:24.030,PER,ITA,44.3406,11.7161
Singapore,George  Russell ,Mercedes,1:46.458,RUS,SGP,1.2916,103.8644
Japan,Zhou  Guanyu ,Alfa Romeo Ferrari,1:44.411,ZHO,JPN,34.8431,136.5416
United States,George  Russell ,Mercedes,1:38.788,RUS,USA,30.1328,-97.6411
Mexico,George  Russell ,Mercedes,1:20.153,RUS,MEX,19.4042,-99.0907
Brazil,George  Russell ,Mercedes,1:13.785,RUS,BRA,-23.7036,-46.6997
Abu Dhabi,Lando  Norris ,McLaren Mercedes,1:28.391,NOR,ARE,24.4672,54.6031
Bahrain,Zhou  Guanyu ,Alfa Romeo Ferrari,1:33.996,ZHO,BHR,26.0325,50.5106
Saudi Arabia,Max  Verstappen ,Red Bull Racing Honda RBPT,1:31.906,VER,SAU,21.4858,39.1925
Australia,Sergio  Perez ,Red Bull Racing Honda RBPT,1:20.235,PER,AUS,-37.8497,144.968
Azerbaijan,George  Russell ,Mercedes,1:43.370,RUS,AZE,40.3725,49.8532
Miami,Max  Verstappen ,Red Bull Racing Honda RBPT,1:29.708,VER,USA,25.7751,-80.2105
Monaco,Lewis  Hamilton ,Mercedes,1:15.650,HAM,MON,43.7347,7.4206
Spain,Max  Verstappen ,Red Bull Racing Honda RBPT,1:16.330,VER,ESP,41.57,2.2615
Canada,Sergio  Perez ,Red Bull Racing Honda RBPT,1:14.481,PER,CAN,45.5049,-73.5262
Austria,Max  Verstappen ,Red Bull Racing Honda RBPT,1:07.012,VER,AUT,47.2197,14.7646
Great Britain,Max  Verstappen ,Red Bull Racing Honda RBPT,1:30.275,VER,GBR,52.0786,-1.0169
Hungary,Max  Verstappen ,Red Bull Racing Honda RBPT,1:20.504,VER,HUN,47.5789,19.2486
Belgium,Lewis  Hamilton ,Mercedes,1:47.305,HAM,BEL,50.4372,5.9714
Netherlands,Fernando  Alonso ,Aston Martin Aramco Mercedes,1:13.837,ALO,NED,52.3888,4.5409
Italy,Oscar  Piastri ,McLaren Mercedes,1:25.072,PIA,ITA,44.3406,11.7161
Singapore,Lewis  Hamilton ,Mercedes,1:35.867,HAM,SGP,1.2916,103.8644
Japan,Max  Verstappen ,Red Bull Racing Honda RBPT,1:34.183,VER,JPN,34.8431,136.5416
Qatar,Max  Verstappen ,Red Bull Racing Honda RBPT,1:24.319,VER,QAT,25.49,51.4536
United States,Yuki  Tsunoda ,AlphaTauri Honda RBPT,1:38.139,TSU,USA,30.1328,-97.6411
Mexico,Lewis  Hamilton ,Mercedes,1:21.334,HAM,MEX,19.4042,-99.0907
Brazil,Lando  Norris ,McLaren Mercedes,1:12.486,NOR,BRA,-23.7036,-46.6997
Las Vegas,Oscar  Piastri ,McLaren Mercedes,1:35.490,PIA,USA,36.1699,-115.1398
Abu Dhabi,Max  Verstappen ,Red Bull Racing Honda RBPT,1:26.993,VER,ARE,24.4672,54.6031
Bahrain,Max  Verstappen ,Red Bull Racing Honda RBPT,1:32.608,VER,BHR,26.0325,50.5106
Saudi Arabia,Charles  Leclerc ,Ferrari,1:31.632,LEC,SAU,21.4858,39.1925
Australia,Charles  Leclerc ,Ferrari,1:19.813,LEC,AUS,-37.8497,144.968
Japan,Max  Verstappen ,Red Bull Racing Honda RBPT,1:33.706,VER,JPN,34.8431,136.5416
China,Fernando  Alonso ,Aston Martin Aramco Mercedes,1:37.810,ALO,CHN,31.3389,121.22
Miami,Oscar  Piastri ,McLaren Mercedes,1:30.634,PIA,USA,25.7751,-80.2105
